Store,DayOfWeek,Date,Sales,Customers,Open,Promo,StateHoliday,SchoolHoliday
1,2,2013-01-01,0,0,0,0,a,1
1,3,2013-01-02,5530,668,1,0,0,1
1,4,2013-01-03,4327,578,1,0,0,1
1,5,2013-01-04,4486,619,1,0,0,1
1,6,2013-01-05,4997,635,1,0,0,1
1,7,2013-01-06,0,0,0,0,0,1
1,1,2013-01-07,7176,785,1,1,0,1
1,2,2013-01-08,5580,654,1,1,0,1
1,3,2013-01-09,5471,626,1,1,0,1
1,4,2013-01-10,4892,615,1,1,0,1
1,5,2013-01-11,4881,592,1,1,0,1
1,6,2013-01-12,4952,646,1,0,0,0
1,7,2013-01-13,0,0,0,0,0,0
1,1,2013-01-14,4717,616,1,0,0,0
1,2,2013-01-15,3900,512,1,0,0,0
1,3,2013-01-16,4008,530,1,0,0,0
1,4,2013-01-17,4044,503,1,0,0,0
1,5,2013-01-18,4127,568,1,0,0,0
1,6,2013-01-19,5182,688,1,0,0,0
1,7,2013-01-20,0,0,0,0,0,0
1,1,2013-01-21,5394,607,1,1,0,0
1,2,2013-01-22,5720,667,1,1,0,0
1,3,2013-01-23,5578,627,1,1,0,0
1,4,2013-01-24,5195,645,1,1,0,0
1,5,2013-01-25,5586,676,1,1,0,0
1,6,2013-01-26,5598,640,1,0,0,0
1,7,2013-01-27,0,0,0,0,0,0
1,1,2013-01-28,4055,549,1,0,0,0
1,2,2013-01-29,3725,522,1,0,0,0
1,3,2013-01-30,4601,560,1,0,0,0
1,4,2013-01-31,4709,571,1,0,0,0
1,5,2013-02-01,5633,658,1,0,0,0
1,6,2013-02-02,5970,701,1,0,0,0
1,7,2013-02-03,0,0,0,0,0,0
1,1,2013-02-04,7032,762,1,1,0,0
1,2,2013-02-05,6049,678,1,1,0,0
1,3,2013-02-06,6140,693,1,1,0,0
1,4,2013-02-07,5499,675,1,1,0,0
1,5,2013-02-08,5681,630,1,1,0,0
1,6,2013-02-09,5370,656,1,0,0,0
1,7,2013-02-10,0,0,0,0,0,0
1,1,2013-02-11,4409,599,1,0,0,0
1,2,2013-02-12,4015,572,1,0,0,0
1,3,2013-02-13,4252,604,1,0,0,0
1,4,2013-02-14,4241,573,1,0,0,0
1,5,2013-02-15,4809,607,1,0,0,0
1,6,2013-02-16,6154,682,1,0,0,0
1,7,2013-02-17,0,0,0,0,0,0
1,1,2013-02-18,6407,710,1,1,0,0
1,2,2013-02-19,5386,608,1,1,0,0
1,3,2013-02-20,5660,684,1,1,0,0
1,4,2013-02-21,5261,629,1,1,0,0
1,5,2013-02-22,5000,599,1,1,0,0
1,6,2013-02-23,5237,650,1,0,0,0
1,7,2013-02-24,0,0,0,0,0,0
1,1,2013-02-25,4038,534,1,0,0,0
1,2,2013-02-26,3794,525,1,0,0,0
1,3,2013-02-27,4558,579,1,0,0,0
1,4,2013-02-28,4676,581,1,0,0,0
1,5,2013-03-01,4611,584,1,0,0,0
1,6,2013-03-02,5350,678,1,0,0,0
1,7,2013-03-03,0,0,0,0,0,0
1,1,2013-03-04,7675,840,1,1,0,0
1,2,2013-03-05,6300,715,1,1,0,0
1,3,2013-03-06,5973,678,1,1,0,0
1,4,2013-03-07,5637,702,1,1,0,0
1,5,2013-03-08,5853,694,1,1,0,0
1,6,2013-03-09,5578,734,1,0,0,0
1,7,2013-03-10,0,0,0,0,0,0
1,1,2013-03-11,4949,618,1,0,0,0
1,2,2013-03-12,3853,491,1,0,0,0
1,3,2013-03-13,4341,622,1,0,0,0
1,4,2013-03-14,5108,660,1,0,0,0
1,5,2013-03-15,4925,677,1,0,0,0
1,6,2013-03-16,5003,680,1,0,0,0
1,7,2013-03-17,0,0,0,0,0,0
1,1,2013-03-18,7072,778,1,1,0,0
1,2,2013-03-19,6563,719,1,1,0,0
1,3,2013-03-20,5598,688,1,1,0,0
1,4,2013-03-21,5179,662,1,1,0,0
1,5,2013-03-22,5506,694,1,1,0,0
1,6,2013-03-23,5603,682,1,0,0,0
1,7,2013-03-24,0,0,0,0,0,0
1,1,2013-03-25,6729,777,1,1,0,1
1,2,2013-03-26,6686,747,1,1,0,1
1,3,2013-03-27,6660,779,1,1,0,1
1,4,2013-03-28,7285,902,1,1,0,1
1,5,2013-03-29,0,0,0,1,b,1
1,6,2013-03-30,7132,773,1,0,0,0
1,7,2013-03-31,0,0,0,0,0,0
1,1,2013-04-01,0,0,0,0,b,1
1,2,2013-04-02,5484,629,1,0,0,1
1,3,2013-04-03,4625,594,1,0,0,1
1,4,2013-04-04,4293,566,1,0,0,1
1,5,2013-04-05,4390,571,1,0,0,1
1,6,2013-04-06,5075,657,1,0,0,0
1,7,2013-04-07,0,0,0,0,0,0
1,1,2013-04-08,6046,695,1,1,0,0
1,2,2013-04-09,5514,594,1,1,0,0
1,3,2013-04-10,4903,575,1,1,0,0
1,4,2013-04-11,4366,541,1,1,0,0
1,5,2013-04-12,5263,614,1,1,0,0
1,6,2013-04-13,4773,608,1,0,0,0
1,7,2013-04-14,0,0,0,0,0,0
1,1,2013-04-15,3941,526,1,0,0,0
1,2,2013-04-16,3357,453,1,0,0,0
1,3,2013-04-17,3649,500,1,0,0,0
1,4,2013-04-18,2952,432,1,0,0,0
1,5,2013-04-19,4303,526,1,0,0,0
1,6,2013-04-20,4350,546,1,0,0,0
1,7,2013-04-21,0,0,0,0,0,0
1,1,2013-04-22,5672,623,1,1,0,0
1,2,2013-04-23,4492,560,1,1,0,0
1,3,2013-04-24,4309,512,1,1,0,0
1,4,2013-04-25,3939,532,1,1,0,0
1,5,2013-04-26,4841,572,1,1,0,0
1,6,2013-04-27,5726,650,1,0,0,0
1,7,2013-04-28,0,0,0,0,0,0
1,1,2013-04-29,5821,641,1,1,0,0
1,2,2013-04-30,5925,665,1,1,0,0
1,3,2013-05-01,0,0,0,1,a,0
1,4,2013-05-02,6486,677,1,1,0,0
1,5,2013-05-03,6027,658,1,1,0,0
1,6,2013-05-04,5912,813,1,0,0,0
1,7,2013-05-05,0,0,0,0,0,0
1,1,2013-05-06,4568,562,1,0,0,0
1,2,2013-05-07,4624,540,1,0,0,0
1,3,2013-05-08,5230,631,1,0,0,0
1,4,2013-05-09,0,0,0,0,a,0
1,5,2013-05-10,5409,644,1,0,0,0
1,6,2013-05-11,5064,640,1,0,0,0
1,7,2013-05-12,0,0,0,0,0,0
1,1,2013-05-13,6106,660,1,1,0,0
1,2,2013-05-14,5083,574,1,1,0,0
1,3,2013-05-15,4790,576,1,1,0,0
1,4,2013-05-16,4448,544,1,1,0,0
1,5,2013-05-17,4856,597,1,1,0,0
1,6,2013-05-18,4413,535,1,0,0,0
1,7,2013-05-19,0,0,0,0,0,0
1,1,2013-05-20,0,0,0,0,a,0
1,2,2013-05-21,4789,602,1,0,0,0
1,3,2013-05-22,3559,507,1,0,0,0
1,4,2013-05-23,4030,536,1,0,0,0
1,5,2013-05-24,4232,534,1,0,0,0
1,6,2013-05-25,4408,538,1,0,0,0
1,7,2013-05-26,0,0,0,0,0,0
1,1,2013-05-27,5519,606,1,1,0,0
1,2,2013-05-28,4995,555,1,1,0,0
1,3,2013-05-29,5784,641,1,1,0,0
1,4,2013-05-30,0,0,0,1,a,0
1,5,2013-05-31,7893,795,1,1,0,0
1,6,2013-06-01,5693,662,1,0,0,0
1,7,2013-06-02,0,0,0,0,0,0
1,1,2013-06-03,5422,619,1,1,0,0
1,2,2013-06-04,5220,558,1,1,0,0
1,3,2013-06-05,5012,575,1,1,0,0
1,4,2013-06-06,4881,555,1,1,0,0
1,5,2013-06-07,4315,541,1,1,0,0
1,6,2013-06-08,4262,511,1,0,0,0
1,7,2013-06-09,0,0,0,0,0,0
1,1,2013-06-10,4291,531,1,0,0,0
1,2,2013-06-11,3784,500,1,0,0,0
1,3,2013-06-12,3563,476,1,0,0,0
1,4,2013-06-13,3661,461,1,0,0,0
1,5,2013-06-14,4150,529,1,0,0,0
1,6,2013-06-15,4766,567,1,0,0,0
1,7,2013-06-16,0,0,0,0,0,0
1,1,2013-06-17,5337,585,1,1,0,0
1,2,2013-06-18,4633,554,1,1,0,0
1,3,2013-06-19,4180,517,1,1,0,0
1,4,2013-06-20,5011,539,1,1,0,0
1,5,2013-06-21,5173,542,1,1,0,0
1,6,2013-06-22,4341,512,1,0,0,0
1,7,2013-06-23,0,0,0,0,0,0
1,1,2013-06-24,3549,494,1,0,0,0
1,2,2013-06-25,4536,528,1,0,0,0
1,3,2013-06-26,3827,508,1,0,0,0
1,4,2013-06-27,3593,464,1,0,0,0
1,5,2013-06-28,4407,568,1,0,0,0
1,6,2013-06-29,5804,671,1,0,0,0
1,7,2013-06-30,0,0,0,0,0,0
1,1,2013-07-01,5614,614,1,1,0,0
1,2,2013-07-02,5868,614,1,1,0,0
1,3,2013-07-03,5875,634,1,1,0,0
1,4,2013-07-04,5701,634,1,1,0,0
1,5,2013-07-05,4986,603,1,1,0,0
1,6,2013-07-06,4090,498,1,0,0,1
1,7,2013-07-07,0,0,0,0,0,1
1,1,2013-07-08,4475,523,1,0,0,1
1,2,2013-07-09,4047,503,1,0,0,1
1,3,2013-07-10,3963,496,1,0,0,1
1,4,2013-07-11,4053,486,1,0,0,1
1,5,2013-07-12,4134,514,1,0,0,1
1,6,2013-07-13,4015,490,1,0,0,1
1,7,2013-07-14,0,0,0,0,0,1
1,1,2013-07-15,6377,657,1,1,0,1
1,2,2013-07-16,5643,582,1,1,0,1
1,3,2013-07-17,4946,544,1,1,0,1
1,4,2013-07-18,4904,533,1,1,0,1
1,5,2013-07-19,4275,495,1,1,0,1
1,6,2013-07-20,4421,544,1,0,0,1
1,7,2013-07-21,0,0,0,0,0,1
1,1,2013-07-22,4149,493,1,0,0,1
1,2,2013-07-23,3937,497,1,0,0,1
1,3,2013-07-24,3849,453,1,0,0,1
1,4,2013-07-25,3502,451,1,0,0,1
1,5,2013-07-26,4221,516,1,0,0,1
1,6,2013-07-27,3352,456,1,0,0,1
1,7,2013-07-28,0,0,0,0,0,1
1,1,2013-07-29,6290,630,1,1,0,1
1,2,2013-07-30,5773,630,1,1,0,1
1,3,2013-07-31,5572,624,1,1,0,1
1,4,2013-08-01,4994,555,1,1,0,1
1,5,2013-08-02,4494,562,1,1,0,1
1,6,2013-08-03,4461,553,1,0,0,1
1,7,2013-08-04,0,0,0,0,0,1
1,1,2013-08-05,4086,522,1,0,0,1
1,2,2013-08-06,3582,477,1,0,0,1
1,3,2013-08-07,4143,512,1,0,0,1
1,4,2013-08-08,3680,466,1,0,0,1
1,5,2013-08-09,3257,418,1,0,0,1
1,6,2013-08-10,3768,457,1,0,0,1
1,7,2013-08-11,0,0,0,0,0,1
1,1,2013-08-12,5326,600,1,1,0,1
1,2,2013-08-13,5299,573,1,1,0,1
1,3,2013-08-14,4724,574,1,1,0,1
1,4,2013-08-15,4575,538,1,1,0,1
1,5,2013-08-16,4552,527,1,1,0,1
1,6,2013-08-17,4078,503,1,0,0,0
1,7,2013-08-18,0,0,0,0,0,0
1,1,2013-08-19,3954,513,1,0,0,0
1,2,2013-08-20,3492,475,1,0,0,0
1,3,2013-08-21,3096,441,1,0,0,0
1,4,2013-08-22,3703,498,1,0,0,0
1,5,2013-08-23,3493,445,1,0,0,0
1,6,2013-08-24,4752,601,1,0,0,0
1,7,2013-08-25,0,0,0,0,0,0
1,1,2013-08-26,5482,613,1,1,0,0
1,2,2013-08-27,5156,556,1,1,0,0
1,3,2013-08-28,4583,507,1,1,0,0
1,4,2013-08-29,4804,534,1,1,0,0
1,5,2013-08-30,5469,612,1,1,0,0
1,6,2013-08-31,5317,598,1,0,0,0
1,7,2013-09-01,0,0,0,0,0,0
1,1,2013-09-02,4195,496,1,0,0,0
1,2,2013-09-03,3928,507,1,0,0,0
1,3,2013-09-04,3343,444,1,0,0,0
1,4,2013-09-05,3883,465,1,0,0,0
1,5,2013-09-06,3836,466,1,0,0,0
1,6,2013-09-07,4663,555,1,0,0,0
1,7,2013-09-08,0,0,0,0,0,0
1,1,2013-09-09,5893,601,1,1,0,0
1,2,2013-09-10,5403,599,1,1,0,0
1,3,2013-09-11,5103,580,1,1,0,0
1,4,2013-09-12,5079,586,1,1,0,0
1,5,2013-09-13,5187,559,1,1,0,0
1,6,2013-09-14,4663,619,1,0,0,0
1,7,2013-09-15,0,0,0,0,0,0
1,1,2013-09-16,4249,568,1,0,0,0
1,2,2013-09-17,3685,502,1,0,0,0
1,3,2013-09-18,3946,507,1,0,0,0
1,4,2013-09-19,3717,469,1,0,0,0
1,5,2013-09-20,3516,494,1,0,0,0
1,6,2013-09-21,3909,522,1,0,0,0
1,7,2013-09-22,0,0,0,0,0,0
1,1,2013-09-23,4770,542,1,1,0,0
1,2,2013-09-24,4274,492,1,1,0,0
1,3,2013-09-25,4212,500,1,1,0,0
1,4,2013-09-26,4481,537,1,1,0,0
1,5,2013-09-27,4669,548,1,1,0,0
1,6,2013-09-28,4175,538,1,0,0,0
1,7,2013-09-29,0,0,0,0,0,0
1,1,2013-09-30,4088,516,1,0,0,0
1,2,2013-10-01,4178,508,1,0,0,0
1,3,2013-10-02,4001,509,1,0,0,0
1,4,2013-10-03,0,0,0,0,a,0
1,5,2013-10-04,5447,619,1,0,0,0
1,6,2013-10-05,5352,662,1,0,0,0
1,7,2013-10-06,0,0,0,0,0,0
1,1,2013-10-07,6004,626,1,1,0,0
1,2,2013-10-08,5452,592,1,1,0,0
1,3,2013-10-09,4957,596,1,1,0,0
1,4,2013-10-10,5286,596,1,1,0,0
1,5,2013-10-11,5896,670,1,1,0,0
1,6,2013-10-12,4954,608,1,0,0,0
1,7,2013-10-13,0,0,0,0,0,0
1,1,2013-10-14,3773,478,1,0,0,1
1,2,2013-10-15,3355,457,1,0,0,1
1,3,2013-10-16,3383,452,1,0,0,1
1,4,2013-10-17,3223,446,1,0,0,1
1,5,2013-10-18,3566,490,1,0,0,1
1,6,2013-10-19,3667,479,1,0,0,1
1,7,2013-10-20,0,0,0,0,0,1
1,1,2013-10-21,5055,571,1,1,0,1
1,2,2013-10-22,4068,504,1,1,0,1
1,3,2013-10-23,4612,505,1,1,0,1
1,4,2013-10-24,4044,498,1,1,0,1
1,5,2013-10-25,4573,576,1,1,0,1
1,6,2013-10-26,4347,535,1,0,0,0
1,7,2013-10-27,0,0,0,0,0,0
1,1,2013-10-28,3557,494,1,0,0,0
1,2,2013-10-29,3737,479,1,0,0,0
1,3,2013-10-30,4119,496,1,0,0,0
1,4,2013-10-31,4035,514,1,0,0,0
1,5,2013-11-01,5471,707,1,0,0,0
1,6,2013-11-02,5233,653,1,0,0,0
1,7,2013-11-03,0,0,0,0,0,0
1,1,2013-11-04,5861,620,1,1,0,0
1,2,2013-11-05,5348,628,1,1,0,0
1,3,2013-11-06,5572,611,1,1,0,0
1,4,2013-11-07,5009,575,1,1,0,0
1,5,2013-11-08,5242,583,1,1,0,0
1,6,2013-11-09,4681,582,1,0,0,0
1,7,2013-11-10,0,0,0,0,0,0
1,1,2013-11-11,4014,519,1,0,0,0
1,2,2013-11-12,4017,507,1,0,0,0
1,3,2013-11-13,3310,464,1,0,0,0
1,4,2013-11-14,3795,502,1,0,0,0
1,5,2013-11-15,4016,504,1,0,0,0
1,6,2013-11-16,5071,616,1,0,0,0
1,7,2013-11-17,0,0,0,0,0,0
1,1,2013-11-18,5927,681,1,1,0,0
1,2,2013-11-19,5143,583,1,1,0,0
1,3,2013-11-20,4936,586,1,1,0,0
1,4,2013-11-21,4623,545,1,1,0,0
1,5,2013-11-22,5058,581,1,1,0,0
1,6,2013-11-23,5297,614,1,0,0,0
1,7,2013-11-24,0,0,0,0,0,0
1,1,2013-11-25,4600,575,1,0,0,0
1,2,2013-11-26,4201,524,1,0,0,0
1,3,2013-11-27,4561,530,1,0,0,0
1,4,2013-11-28,4614,585,1,0,0,0
1,5,2013-11-29,5623,665,1,0,0,0
1,6,2013-11-30,6373,730,1,0,0,0
1,7,2013-12-01,0,0,0,0,0,0
1,1,2013-12-02,6943,754,1,1,0,0
1,2,2013-12-03,6293,658,1,1,0,0
1,3,2013-12-04,5688,627,1,1,0,0
1,4,2013-12-05,5691,685,1,1,0,0
1,5,2013-12-06,6112,673,1,1,0,0
1,6,2013-12-07,5799,723,1,0,0,0
1,7,2013-12-08,0,0,0,0,0,0
1,1,2013-12-09,4462,576,1,0,0,0
1,2,2013-12-10,4228,581,1,0,0,0
1,3,2013-12-11,4301,543,1,0,0,0
1,4,2013-12-12,4074,558,1,0,0,0
1,5,2013-12-13,4703,594,1,0,0,0
1,6,2013-12-14,6119,743,1,0,0,0
1,7,2013-12-15,0,0,0,0,0,0
1,1,2013-12-16,8277,825,1,1,0,0
1,2,2013-12-17,7356,808,1,1,0,0
1,3,2013-12-18,7821,828,1,1,0,0
1,4,2013-12-19,6788,782,1,1,0,0
1,5,2013-12-20,8414,895,1,1,0,0
1,6,2013-12-21,8043,927,1,0,0,0
1,7,2013-12-22,0,0,0,0,0,0
1,1,2013-12-23,9528,1130,1,0,0,1
1,2,2013-12-24,3204,385,1,0,0,1
1,3,2013-12-25,0,0,0,0,c,1
1,4,2013-12-26,0,0,0,0,c,1
1,5,2013-12-27,6110,737,1,0,0,1
1,6,2013-12-28,5659,716,1,0,0,1
1,7,2013-12-29,0,0,0,0,0,1
1,1,2013-12-30,7193,796,1,0,0,1
1,2,2013-12-31,2362,298,1,0,0,1
1,3,2014-01-01,0,0,0,0,a,1
1,4,2014-01-02,4969,618,1,0,0,1
1,5,2014-01-03,4190,552,1,0,0,1
1,6,2014-01-04,5173,660,1,0,0,1
1,7,2014-01-05,0,0,0,0,0,1
1,1,2014-01-06,6194,649,1,1,0,1
1,2,2014-01-07,5539,607,1,1,0,1
1,3,2014-01-08,4931,589,1,1,0,1
1,4,2014-01-09,4396,539,1,1,0,1
1,5,2014-01-10,4486,559,1,1,0,1
1,6,2014-01-11,4454,569,1,0,0,0
1,7,2014-01-12,0,0,0,0,0,0
1,1,2014-01-13,3994,545,1,0,0,0
1,2,2014-01-14,3621,464,1,0,0,0
1,3,2014-01-15,3776,486,1,0,0,0
1,4,2014-01-16,3632,477,1,0,0,0
1,5,2014-01-17,3803,479,1,0,0,0
1,6,2014-01-18,5128,630,1,0,0,0
1,7,2014-01-19,0,0,0,0,0,0
1,1,2014-01-20,6148,653,1,1,0,0
1,2,2014-01-21,5151,551,1,1,0,0
1,3,2014-01-22,4562,549,1,1,0,0
1,4,2014-01-23,4597,525,1,1,0,0
1,5,2014-01-24,5098,587,1,1,0,0
1,6,2014-01-25,4546,561,1,0,0,0
1,7,2014-01-26,0,0,0,0,0,0
1,1,2014-01-27,3601,517,1,0,0,0
1,2,2014-01-28,3581,453,1,0,0,0
1,3,2014-01-29,3789,491,1,0,0,0
1,4,2014-01-30,4549,543,1,0,0,0
1,5,2014-01-31,4906,589,1,0,0,0
1,6,2014-02-01,5292,667,1,0,0,0
1,7,2014-02-02,0,0,0,0,0,0
1,1,2014-02-03,5839,638,1,1,0,0
1,2,2014-02-04,5540,602,1,1,0,0
1,3,2014-02-05,5031,581,1,1,0,0
1,4,2014-02-06,4823,557,1,1,0,0
1,5,2014-02-07,5596,636,1,1,0,0
1,6,2014-02-08,4726,620,1,0,0,0
1,7,2014-02-09,0,0,0,0,0,0
1,1,2014-02-10,3591,502,1,0,0,0
1,2,2014-02-11,3461,481,1,0,0,0
1,3,2014-02-12,3662,508,1,0,0,0
1,4,2014-02-13,3638,517,1,0,0,0
1,5,2014-02-14,4647,591,1,0,0,0
1,6,2014-02-15,5258,655,1,0,0,0
1,7,2014-02-16,0,0,0,0,0,0
1,1,2014-02-17,5393,606,1,1,0,0
1,2,2014-02-18,4602,556,1,1,0,0
1,3,2014-02-19,4935,547,1,1,0,0
1,4,2014-02-20,4563,559,1,1,0,0
1,5,2014-02-21,4727,550,1,1,0,0
1,6,2014-02-22,4820,623,1,0,0,0
1,7,2014-02-23,0,0,0,0,0,0
1,1,2014-02-24,3826,481,1,0,0,0
1,2,2014-02-25,3499,470,1,0,0,0
1,3,2014-02-26,4108,491,1,0,0,0
1,4,2014-02-27,3826,519,1,0,0,0
1,5,2014-02-28,5031,603,1,0,0,0
1,6,2014-03-01,5307,655,1,0,0,0
1,7,2014-03-02,0,0,0,0,0,0
1,1,2014-03-03,6198,616,1,1,0,0
1,2,2014-03-04,5397,619,1,1,0,0
1,3,2014-03-05,4916,592,1,1,0,0
1,4,2014-03-06,4585,542,1,1,0,0
1,5,2014-03-07,5340,588,1,1,0,0
1,6,2014-03-08,4400,550,1,0,0,0
1,7,2014-03-09,0,0,0,0,0,0
1,1,2014-03-10,3573,469,1,0,0,0
1,2,2014-03-11,3588,476,1,0,0,0
1,3,2014-03-12,3805,499,1,0,0,0
1,4,2014-03-13,3224,450,1,0,0,0
1,5,2014-03-14,3883,502,1,0,0,0
1,6,2014-03-15,5042,630,1,0,0,0
1,7,2014-03-16,0,0,0,0,0,0
1,1,2014-03-17,5563,628,1,1,0,0
1,2,2014-03-18,5200,635,1,1,0,0
1,3,2014-03-19,4036,496,1,1,0,0
1,4,2014-03-20,4023,485,1,1,0,0
1,5,2014-03-21,4510,542,1,1,0,0
1,6,2014-03-22,5241,628,1,0,0,0
1,7,2014-03-23,0,0,0,0,0,0
1,1,2014-03-24,3850,511,1,0,0,0
1,2,2014-03-25,3136,448,1,0,0,0
1,3,2014-03-26,3225,443,1,0,0,0
1,4,2014-03-27,3847,512,1,0,0,0
1,5,2014-03-28,3987,471,1,0,0,0
1,6,2014-03-29,4583,548,1,0,0,0
1,7,2014-03-30,0,0,0,0,0,0
1,1,2014-03-31,6008,640,1,1,0,0
1,2,2014-04-01,5407,583,1,1,0,0
1,3,2014-04-02,4834,539,1,1,0,0
1,4,2014-04-03,4556,526,1,1,0,0
1,5,2014-04-04,4738,552,1,1,0,0
1,6,2014-04-05,4599,571,1,0,0,0
1,7,2014-04-06,0,0,0,0,0,0
1,1,2014-04-07,3751,497,1,0,0,0
1,2,2014-04-08,3990,496,1,0,0,0
1,3,2014-04-09,3919,528,1,0,0,0
1,4,2014-04-10,3948,501,1,0,0,0
1,5,2014-04-11,3733,507,1,0,0,0
1,6,2014-04-12,4435,570,1,0,0,0
1,7,2014-04-13,0,0,0,0,0,0
1,1,2014-04-14,6803,693,1,1,0,1
1,2,2014-04-15,6196,672,1,1,0,1
1,3,2014-04-16,6381,662,1,1,0,1
1,4,2014-04-17,6160,703,1,1,0,1
1,5,2014-04-18,0,0,0,1,b,1
1,6,2014-04-19,5871,642,1,0,0,1
1,7,2014-04-20,0,0,0,0,0,1
1,1,2014-04-21,0,0,0,0,b,1
1,2,2014-04-22,4133,563,1,0,0,1
1,3,2014-04-23,3482,434,1,0,0,1
1,4,2014-04-24,3376,461,1,0,0,1
1,5,2014-04-25,3710,468,1,0,0,1
1,6,2014-04-26,3989,535,1,0,0,0
1,7,2014-04-27,0,0,0,0,0,0
1,1,2014-04-28,5488,607,1,1,0,0
1,2,2014-04-29,5923,628,1,1,0,0
1,3,2014-04-30,5870,624,1,1,0,0
1,4,2014-05-01,0,0,0,1,a,0
1,5,2014-05-02,6790,732,1,1,0,0
1,6,2014-05-03,5498,633,1,0,0,0
1,7,2014-05-04,0,0,0,0,0,0
1,1,2014-05-05,5325,615,1,1,0,0
1,2,2014-05-06,5055,585,1,1,0,0
1,3,2014-05-07,5075,604,1,1,0,0
1,4,2014-05-08,5222,614,1,1,0,0
1,5,2014-05-09,5237,622,1,1,0,0
1,6,2014-05-10,5996,710,1,0,0,0
1,7,2014-05-11,0,0,0,0,0,0
1,1,2014-05-12,3957,555,1,0,0,0
1,2,2014-05-13,3535,449,1,0,0,0
1,3,2014-05-14,3710,474,1,0,0,0
1,4,2014-05-15,3589,491,1,0,0,0
1,5,2014-05-16,3863,479,1,0,0,0
1,6,2014-05-17,3785,512,1,0,0,0
1,7,2014-05-18,0,0,0,0,0,0
1,1,2014-05-19,5637,608,1,1,0,0
1,2,2014-05-20,4909,549,1,1,0,0
1,3,2014-05-21,4298,510,1,1,0,0
1,4,2014-05-22,3801,481,1,1,0,0
1,5,2014-05-23,4968,526,1,1,0,0
1,6,2014-05-24,4574,516,1,0,0,0
1,7,2014-05-25,0,0,0,0,0,0
1,1,2014-05-26,3912,494,1,0,0,0
1,2,2014-05-27,3971,511,1,0,0,0
1,3,2014-05-28,4616,581,1,0,0,0
1,4,2014-05-29,0,0,0,0,a,0
1,5,2014-05-30,5407,628,1,0,0,0
1,6,2014-05-31,4985,560,1,0,0,0
1,7,2014-06-01,0,0,0,0,0,0
1,1,2014-06-02,6071,609,1,1,0,0
1,2,2014-06-03,5614,593,1,1,0,0
1,3,2014-06-04,5229,570,1,1,0,0
1,4,2014-06-05,5278,585,1,1,0,0
1,5,2014-06-06,4957,575,1,1,0,0
1,6,2014-06-07,4923,555,1,0,0,0
1,7,2014-06-08,0,0,0,0,0,0
1,1,2014-06-09,0,0,0,0,a,0
1,2,2014-06-10,4607,560,1,0,0,0
1,3,2014-06-11,4207,535,1,0,0,0
1,4,2014-06-12,3702,489,1,0,0,0
1,5,2014-06-13,3901,498,1,0,0,0
1,6,2014-06-14,4757,562,1,0,0,0
1,7,2014-06-15,0,0,0,0,0,0
1,1,2014-06-16,4788,529,1,1,0,0
1,2,2014-06-17,5770,594,1,1,0,0
1,3,2014-06-18,5256,567,1,1,0,0
1,4,2014-06-19,0,0,0,1,a,0
1,5,2014-06-20,6362,709,1,1,0,0
1,6,2014-06-21,3982,496,1,0,0,0
1,7,2014-06-22,0,0,0,0,0,0
1,1,2014-06-23,3755,456,1,0,0,0
1,2,2014-06-24,3351,444,1,0,0,0
1,3,2014-06-25,3727,440,1,0,0,0
1,4,2014-06-26,2749,368,1,0,0,0
1,5,2014-06-27,4019,501,1,0,0,0
1,6,2014-06-28,5162,566,1,0,0,0
1,7,2014-06-29,0,0,0,0,0,0
1,1,2014-06-30,5738,641,1,1,0,0
1,2,2014-07-01,5138,533,1,1,0,0
1,3,2014-07-02,5161,560,1,1,0,0
1,4,2014-07-03,4756,514,1,1,0,0
1,5,2014-07-04,4025,450,1,1,0,0
1,6,2014-07-05,5176,589,1,0,0,0
1,7,2014-07-06,0,0,0,0,0,0
1,1,2014-07-07,4223,505,1,0,0,0
1,2,2014-07-08,4081,510,1,0,0,0
1,3,2014-07-09,3547,485,1,0,0,0
1,4,2014-07-10,3741,472,1,0,0,0
1,5,2014-07-11,4020,463,1,0,0,0
1,6,2014-07-12,4409,531,1,0,0,0
1,7,2014-07-13,0,0,0,0,0,0
1,1,2014-07-14,5083,532,1,1,0,0
1,2,2014-07-15,5298,538,1,1,0,0
1,3,2014-07-16,5424,566,1,1,0,0
1,4,2014-07-17,4685,525,1,1,0,0
1,5,2014-07-18,4609,506,1,1,0,0
1,6,2014-07-19,4084,477,1,0,0,0
1,7,2014-07-20,0,0,0,0,0,0
1,1,2014-07-21,4507,528,1,0,0,0
1,2,2014-07-22,3933,495,1,0,0,0
1,3,2014-07-23,3806,476,1,0,0,0
1,4,2014-07-24,3557,494,1,0,0,0
1,5,2014-07-25,3858,461,1,0,0,0
1,6,2014-07-26,4266,488,1,0,0,0
1,7,2014-07-27,0,0,0,0,0,0
1,1,2014-07-28,5372,584,1,1,0,1
1,2,2014-07-29,5252,591,1,1,0,1
1,3,2014-07-30,5487,587,1,1,0,1
1,4,2014-07-31,5106,575,1,1,0,0
1,5,2014-08-01,5038,572,1,1,0,1
1,6,2014-08-02,4731,555,1,0,0,1
1,7,2014-08-03,0,0,0,0,0,1
1,1,2014-08-04,5655,592,1,1,0,1
1,2,2014-08-05,5433,620,1,1,0,1
1,3,2014-08-06,5337,575,1,1,0,1
1,4,2014-08-07,4154,480,1,1,0,1
1,5,2014-08-08,4451,503,1,1,0,1
1,6,2014-08-09,4174,504,1,0,0,1
1,7,2014-08-10,0,0,0,0,0,1
1,1,2014-08-11,3886,505,1,0,0,1
1,2,2014-08-12,3185,421,1,0,0,1
1,3,2014-08-13,4069,496,1,0,0,1
1,4,2014-08-14,3906,481,1,0,0,1
1,5,2014-08-15,3746,479,1,0,0,1
1,6,2014-08-16,4425,544,1,0,0,1
1,7,2014-08-17,0,0,0,0,0,1
1,1,2014-08-18,5623,598,1,1,0,1
1,2,2014-08-19,5190,528,1,1,0,1
1,3,2014-08-20,4280,467,1,1,0,1
1,4,2014-08-21,4327,484,1,1,0,1
1,5,2014-08-22,3971,461,1,1,0,1
1,6,2014-08-23,3582,469,1,0,0,1
1,7,2014-08-24,0,0,0,0,0,1
1,1,2014-08-25,3414,449,1,0,0,1
1,2,2014-08-26,3396,460,1,0,0,1
1,3,2014-08-27,3148,421,1,0,0,1
1,4,2014-08-28,3920,467,1,0,0,1
1,5,2014-08-29,3869,439,1,0,0,1
1,6,2014-08-30,4094,518,1,0,0,1
1,7,2014-08-31,0,0,0,0,0,1
1,1,2014-09-01,5464,561,1,1,0,1
1,2,2014-09-02,5008,564,1,1,0,1
1,3,2014-09-03,4978,539,1,1,0,1
1,4,2014-09-04,4346,507,1,1,0,1
1,5,2014-09-05,4706,553,1,1,0,1
1,6,2014-09-06,3959,515,1,0,0,0
1,7,2014-09-07,0,0,0,0,0,0
1,1,2014-09-08,3676,530,1,0,0,0
1,2,2014-09-09,3377,439,1,0,0,0
1,3,2014-09-10,3275,448,1,0,0,0
1,4,2014-09-11,3392,437,1,0,0,0
1,5,2014-09-12,3906,501,1,0,0,0
1,6,2014-09-13,4270,508,1,0,0,0
1,7,2014-09-14,0,0,0,0,0,0
1,1,2014-09-15,4611,545,1,1,0,0
1,2,2014-09-16,4381,511,1,1,0,0
1,3,2014-09-17,4383,490,1,1,0,0
1,4,2014-09-18,3740,447,1,1,0,0
1,5,2014-09-19,4128,485,1,1,0,0
1,6,2014-09-20,3911,500,1,0,0,0
1,7,2014-09-21,0,0,0,0,0,0
1,1,2014-09-22,3982,466,1,0,0,0
1,2,2014-09-23,3407,437,1,0,0,0
1,3,2014-09-24,3405,465,1,0,0,0
1,4,2014-09-25,2462,378,1,0,0,0
1,5,2014-09-26,3518,442,1,0,0,0
1,6,2014-09-27,3914,464,1,0,0,0
1,7,2014-09-28,0,0,0,0,0,0
1,1,2014-09-29,5280,566,1,1,0,0
1,2,2014-09-30,4919,550,1,1,0,0
1,3,2014-10-01,4712,554,1,1,0,0
1,4,2014-10-02,5400,601,1,1,0,0
1,5,2014-10-03,0,0,0,1,a,0
1,6,2014-10-04,5355,621,1,0,0,0
1,7,2014-10-05,0,0,0,0,0,0
1,1,2014-10-06,5402,608,1,1,0,0
1,2,2014-10-07,5439,556,1,1,0,0
1,3,2014-10-08,4944,518,1,1,0,0
1,4,2014-10-09,4654,527,1,1,0,0
1,5,2014-10-10,4396,539,1,1,0,0
1,6,2014-10-11,4743,557,1,0,0,0
1,7,2014-10-12,0,0,0,0,0,0
1,1,2014-10-13,4033,492,1,0,0,0
1,2,2014-10-14,3681,476,1,0,0,0
1,3,2014-10-15,3775,451,1,0,0,0
1,4,2014-10-16,3430,436,1,0,0,0
1,5,2014-10-17,3720,500,1,0,0,0
1,6,2014-10-18,4169,497,1,0,0,0
1,7,2014-10-19,0,0,0,0,0,0
1,1,2014-10-20,4652,560,1,1,0,1
1,2,2014-10-21,4678,547,1,1,0,1
1,3,2014-10-22,4868,566,1,1,0,1
1,4,2014-10-23,4466,476,1,1,0,1
1,5,2014-10-24,4196,495,1,1,0,1
1,6,2014-10-25,4596,539,1,0,0,1
1,7,2014-10-26,0,0,0,0,0,1
1,1,2014-10-27,4260,475,1,0,0,1
1,2,2014-10-28,3364,439,1,0,0,1
1,3,2014-10-29,3761,449,1,0,0,1
1,4,2014-10-30,4042,492,1,0,0,1
1,5,2014-10-31,4161,512,1,0,0,1
1,6,2014-11-01,6532,731,1,0,0,0
1,7,2014-11-02,0,0,0,0,0,0
1,1,2014-11-03,5857,625,1,1,0,0
1,2,2014-11-04,5253,586,1,1,0,0
1,3,2014-11-05,4838,539,1,1,0,0
1,4,2014-11-06,4785,527,1,1,0,0
1,5,2014-11-07,5220,582,1,1,0,0
1,6,2014-11-08,4720,546,1,0,0,0
1,7,2014-11-09,0,0,0,0,0,0
1,1,2014-11-10,5474,578,1,1,0,0
1,2,2014-11-11,4479,555,1,1,0,0
1,3,2014-11-12,4677,533,1,1,0,0
1,4,2014-11-13,3869,471,1,1,0,0
1,5,2014-11-14,5334,603,1,1,0,0
1,6,2014-11-15,4967,614,1,0,0,0
1,7,2014-11-16,0,0,0,0,0,0
1,1,2014-11-17,3582,491,1,0,0,0
1,2,2014-11-18,3890,529,1,0,0,0
1,3,2014-11-19,3894,494,1,0,0,0
1,4,2014-11-20,4963,635,1,0,0,0
1,5,2014-11-21,4594,570,1,0,0,0
1,6,2014-11-22,5849,678,1,0,0,0
1,7,2014-11-23,0,0,0,0,0,0
1,1,2014-11-24,6527,694,1,1,0,0
1,2,2014-11-25,5815,610,1,1,0,0
1,3,2014-11-26,5328,611,1,1,0,0
1,4,2014-11-27,6144,668,1,1,0,0
1,5,2014-11-28,7195,711,1,1,0,0
1,6,2014-11-29,7066,749,1,0,0,0
1,7,2014-11-30,0,0,0,0,0,0
1,1,2014-12-01,7380,723,1,1,0,0
1,2,2014-12-02,6467,717,1,1,0,0
1,3,2014-12-03,6454,695,1,1,0,0
1,4,2014-12-04,7016,681,1,1,0,0
1,5,2014-12-05,6207,712,1,1,0,0
1,6,2014-12-06,6185,746,1,0,0,0
1,7,2014-12-07,0,0,0,0,0,0
1,1,2014-12-08,4884,610,1,0,0,0
1,2,2014-12-09,4345,559,1,0,0,0
1,3,2014-12-10,4915,619,1,0,0,0
1,4,2014-12-11,5060,587,1,0,0,0
1,5,2014-12-12,5269,617,1,0,0,0
1,6,2014-12-13,7263,850,1,0,0,0
1,7,2014-12-14,0,0,0,0,0,0
1,1,2014-12-15,8069,871,1,1,0,0
1,2,2014-12-16,7739,823,1,1,0,0
1,3,2014-12-17,7523,791,1,1,0,0
1,4,2014-12-18,7785,841,1,1,0,0
1,5,2014-12-19,7558,884,1,1,0,0
1,6,2014-12-20,8367,962,1,0,0,0
1,7,2014-12-21,0,0,0,0,0,0
1,1,2014-12-22,9331,1080,1,0,0,1
1,2,2014-12-23,7959,957,1,0,0,1
1,3,2014-12-24,3659,421,1,0,0,1
1,4,2014-12-25,0,0,0,0,c,1
1,5,2014-12-26,0,0,0,0,c,1
1,6,2014-12-27,6057,684,1,0,0,1
1,7,2014-12-28,0,0,0,0,0,1
1,1,2014-12-29,6463,700,1,0,0,1
1,2,2014-12-30,6466,703,1,0,0,1
1,3,2014-12-31,2605,327,1,0,0,1
1,4,2015-01-01,0,0,0,0,a,1
1,5,2015-01-02,5509,657,1,0,0,1
1,6,2015-01-03,5023,645,1,0,0,1
1,7,2015-01-04,0,0,0,0,0,1
1,1,2015-01-05,6239,712,1,1,0,1
1,2,2015-01-06,4574,595,1,1,0,1
1,3,2015-01-07,4796,603,1,1,0,1
1,4,2015-01-08,3716,457,1,1,0,1
1,5,2015-01-09,3998,494,1,1,0,1
1,6,2015-01-10,4599,566,1,0,0,0
1,7,2015-01-11,0,0,0,0,0,0
1,1,2015-01-12,5346,590,1,1,0,0
1,2,2015-01-13,4924,564,1,1,0,0
1,3,2015-01-14,4541,545,1,1,0,0
1,4,2015-01-15,4295,517,1,1,0,0
1,5,2015-01-16,4161,524,1,1,0,0
1,6,2015-01-17,5255,622,1,0,0,0
1,7,2015-01-18,0,0,0,0,0,0
1,1,2015-01-19,3721,480,1,0,0,0
1,2,2015-01-20,3680,462,1,0,0,0
1,3,2015-01-21,3299,460,1,0,0,0
1,4,2015-01-22,3492,493,1,0,0,0
1,5,2015-01-23,3586,489,1,0,0,0
1,6,2015-01-24,4840,600,1,0,0,0
1,7,2015-01-25,0,0,0,0,0,0
1,1,2015-01-26,4781,566,1,1,0,0
1,2,2015-01-27,4806,532,1,1,0,0
1,3,2015-01-28,4310,537,1,1,0,0
1,4,2015-01-29,5171,573,1,1,0,0
1,5,2015-01-30,5577,616,1,1,0,0
1,6,2015-01-31,5363,638,1,0,0,0
1,7,2015-02-01,0,0,0,0,0,0
1,1,2015-02-02,6038,669,1,1,0,0
1,2,2015-02-03,4901,596,1,1,0,0
1,3,2015-02-04,4672,544,1,1,0,0
1,4,2015-02-05,4394,551,1,1,0,0
1,5,2015-02-06,5022,604,1,1,0,0
1,6,2015-02-07,4663,599,1,0,0,0
1,7,2015-02-08,0,0,0,0,0,0
1,1,2015-02-09,3965,501,1,0,0,0
1,2,2015-02-10,3136,419,1,0,0,0
1,3,2015-02-11,3735,501,1,0,0,0
1,4,2015-02-12,3900,477,1,0,0,0
1,5,2015-02-13,4726,630,1,0,0,0
1,6,2015-02-14,5015,624,1,0,0,0
1,7,2015-02-15,0,0,0,0,0,0
1,1,2015-02-16,4303,478,1,1,0,0
1,2,2015-02-17,4833,512,1,1,0,0
1,3,2015-02-18,4180,509,1,1,0,0
1,4,2015-02-19,4460,507,1,1,0,0
1,5,2015-02-20,4651,548,1,1,0,0
1,6,2015-02-21,4475,547,1,0,0,0
1,7,2015-02-22,0,0,0,0,0,0
1,1,2015-02-23,3598,454,1,0,0,0
1,2,2015-02-24,4054,500,1,0,0,0
1,3,2015-02-25,3875,512,1,0,0,0
1,4,2015-02-26,4042,489,1,0,0,0
1,5,2015-02-27,4708,542,1,0,0,0
1,6,2015-02-28,5289,640,1,0,0,0
1,7,2015-03-01,0,0,0,0,0,0
1,1,2015-03-02,5942,669,1,1,0,0
1,2,2015-03-03,5451,576,1,1,0,0
1,3,2015-03-04,5568,597,1,1,0,0
1,4,2015-03-05,4419,534,1,1,0,0
1,5,2015-03-06,5397,579,1,1,0,0
1,6,2015-03-07,4592,570,1,0,0,0
1,7,2015-03-08,0,0,0,0,0,0
1,1,2015-03-09,3701,485,1,0,0,0
1,2,2015-03-10,3805,491,1,0,0,0
1,3,2015-03-11,4170,521,1,0,0,0
1,4,2015-03-12,3141,405,1,0,0,0
1,5,2015-03-13,3725,493,1,0,0,0
1,6,2015-03-14,5225,599,1,0,0,0
1,7,2015-03-15,0,0,0,0,0,0
1,1,2015-03-16,5695,605,1,1,0,0
1,2,2015-03-17,4806,555,1,1,0,0
1,3,2015-03-18,3858,504,1,1,0,0
1,4,2015-03-19,4748,535,1,1,0,0
1,5,2015-03-20,4057,472,1,1,0,0
1,6,2015-03-21,3909,506,1,0,0,0
1,7,2015-03-22,0,0,0,0,0,0
1,1,2015-03-23,3565,495,1,0,0,0
1,2,2015-03-24,3547,464,1,0,0,0
1,3,2015-03-25,3531,447,1,0,0,0
1,4,2015-03-26,3932,490,1,0,0,0
1,5,2015-03-27,4005,529,1,0,0,0
1,6,2015-03-28,5208,605,1,0,0,0
1,7,2015-03-29,0,0,0,0,0,0
1,1,2015-03-30,6714,697,1,1,0,1
1,2,2015-03-31,6206,589,1,1,0,1
1,3,2015-04-01,6816,707,1,1,0,1
1,4,2015-04-02,6574,722,1,1,0,1
1,5,2015-04-03,0,0,0,1,b,1
1,6,2015-04-04,6709,796,1,0,0,1
1,7,2015-04-05,0,0,0,0,0,1
1,1,2015-04-06,0,0,0,0,b,1
1,2,2015-04-07,4163,555,1,0,0,1
1,3,2015-04-08,4194,500,1,0,0,1
1,4,2015-04-09,3467,430,1,0,0,1
1,5,2015-04-10,3549,428,1,0,0,1
1,6,2015-04-11,4173,525,1,0,0,0
1,7,2015-04-12,0,0,0,0,0,0
1,1,2015-04-13,5377,574,1,1,0,0
1,2,2015-04-14,4648,535,1,1,0,0
1,3,2015-04-15,4110,501,1,1,0,0
1,4,2015-04-16,4116,480,1,1,0,0
1,5,2015-04-17,4718,511,1,1,0,0
1,6,2015-04-18,4594,544,1,0,0,0
1,7,2015-04-19,0,0,0,0,0,0
1,1,2015-04-20,3722,480,1,0,0,0
1,2,2015-04-21,3037,416,1,0,0,0
1,3,2015-04-22,3319,411,1,0,0,0
1,4,2015-04-23,3076,426,1,0,0,0
1,5,2015-04-24,3198,437,1,0,0,0
1,6,2015-04-25,4318,537,1,0,0,0
1,7,2015-04-26,0,0,0,0,0,0
1,1,2015-04-27,5575,574,1,1,0,0
1,2,2015-04-28,5199,552,1,1,0,0
1,3,2015-04-29,5775,579,1,1,0,0
1,4,2015-04-30,6228,650,1,1,0,0
1,5,2015-05-01,0,0,0,1,a,0
1,6,2015-05-02,5850,653,1,0,0,0
1,7,2015-05-03,0,0,0,0,0,0
1,1,2015-05-04,5591,589,1,1,0,0
1,2,2015-05-05,4564,514,1,1,0,0
1,3,2015-05-06,4960,536,1,1,0,0
1,4,2015-05-07,4529,491,1,1,0,0
1,5,2015-05-08,4683,536,1,1,0,0
1,6,2015-05-09,4945,596,1,0,0,0
1,7,2015-05-10,0,0,0,0,0,0
1,1,2015-05-11,3551,453,1,0,0,0
1,2,2015-05-12,3547,438,1,0,0,0
1,3,2015-05-13,3998,523,1,0,0,0
1,4,2015-05-14,0,0,0,0,a,0
1,5,2015-05-15,4178,523,1,0,0,0
1,6,2015-05-16,4431,505,1,0,0,0
1,7,2015-05-17,0,0,0,0,0,0
1,1,2015-05-18,5280,577,1,1,0,0
1,2,2015-05-19,5235,546,1,1,0,0
1,3,2015-05-20,4735,533,1,1,0,0
1,4,2015-05-21,3755,471,1,1,0,0
1,5,2015-05-22,4459,495,1,1,0,0
1,6,2015-05-23,4276,506,1,0,0,0
1,7,2015-05-24,0,0,0,0,0,0
1,1,2015-05-25,0,0,0,0,a,0
1,2,2015-05-26,4211,479,1,0,0,0
1,3,2015-05-27,4083,497,1,0,0,0
1,4,2015-05-28,4111,474,1,0,0,0
1,5,2015-05-29,4656,537,1,0,0,0
1,6,2015-05-30,5592,580,1,0,0,0
1,7,2015-05-31,0,0,0,0,0,0
1,1,2015-06-01,5774,607,1,1,0,0
1,2,2015-06-02,5450,590,1,1,0,0
1,3,2015-06-03,5809,616,1,1,0,0
1,4,2015-06-04,0,0,0,1,a,0
1,5,2015-06-05,5384,609,1,1,0,0
1,6,2015-06-06,4183,460,1,0,0,0
1,7,2015-06-07,0,0,0,0,0,0
1,1,2015-06-08,4071,502,1,0,0,0
1,2,2015-06-09,4102,485,1,0,0,0
1,3,2015-06-10,3591,453,1,0,0,0
1,4,2015-06-11,3627,442,1,0,0,0
1,5,2015-06-12,3695,422,1,0,0,0
1,6,2015-06-13,4256,502,1,0,0,0
1,7,2015-06-14,0,0,0,0,0,0
1,1,2015-06-15,5518,586,1,1,0,0
1,2,2015-06-16,4852,503,1,1,0,0
1,3,2015-06-17,4000,476,1,1,0,0
1,4,2015-06-18,4645,498,1,1,0,0
1,5,2015-06-19,4202,487,1,1,0,0
1,6,2015-06-20,4097,494,1,0,0,0
1,7,2015-06-21,0,0,0,0,0,0
1,1,2015-06-22,3846,489,1,0,0,0
1,2,2015-06-23,3762,447,1,0,0,0
1,3,2015-06-24,3346,414,1,0,0,0
1,4,2015-06-25,3533,433,1,0,0,0
1,5,2015-06-26,3317,420,1,0,0,0
1,6,2015-06-27,4019,463,1,0,0,0
1,7,2015-06-28,0,0,0,0,0,0
1,1,2015-06-29,5197,541,1,1,0,0
1,2,2015-06-30,5735,568,1,1,0,0
1,3,2015-07-01,5223,562,1,1,0,0
1,4,2015-07-02,5558,573,1,1,0,0
1,5,2015-07-03,4665,538,1,1,0,0
1,6,2015-07-04,4797,560,1,0,0,0
1,7,2015-07-05,0,0,0,0,0,0
1,1,2015-07-06,4359,540,1,0,0,0
1,2,2015-07-07,3650,485,1,0,0,0
1,3,2015-07-08,3797,485,1,0,0,0
1,4,2015-07-09,3897,480,1,0,0,0
1,5,2015-07-10,3808,449,1,0,0,0
1,6,2015-07-11,3530,441,1,0,0,0
1,7,2015-07-12,0,0,0,0,0,0
1,1,2015-07-13,5054,553,1,1,0,0
1,2,2015-07-14,5042,544,1,1,0,0
1,3,2015-07-15,4767,550,1,1,0,0
1,4,2015-07-16,4427,517,1,1,0,0
1,5,2015-07-17,4852,519,1,1,0,0
1,6,2015-07-18,4406,512,1,0,0,0
1,7,2015-07-19,0,0,0,0,0,0
1,1,2015-07-20,4395,526,1,0,0,0
1,2,2015-07-21,3558,469,1,0,0,0
1,3,2015-07-22,3464,463,1,0,0,0
1,4,2015-07-23,3769,503,1,0,0,0
1,5,2015-07-24,3706,459,1,0,0,0
1,6,2015-07-25,4364,500,1,0,0,0
1,7,2015-07-26,0,0,0,0,0,0
1,1,2015-07-27,6102,612,1,1,0,1
1,2,2015-07-28,5011,560,1,1,0,1
1,3,2015-07-29,4782,523,1,1,0,1
1,4,2015-07-30,5020,546,1,1,0,1
1,5,2015-07-31,5263,555,1,1,0,1
2,2,2013-01-01,0,0,0,0,a,1
2,3,2013-01-02,4422,650,1,0,0,1
2,4,2013-01-03,4159,555,1,0,0,1
2,5,2013-01-04,4484,574,1,0,0,1
2,6,2013-01-05,2342,324,1,0,0,0
2,7,2013-01-06,0,0,0,0,0,0
2,1,2013-01-07,6775,763,1,1,0,0
2,2,2013-01-08,6318,685,1,1,0,0
2,3,2013-01-09,6763,785,1,1,0,0
2,4,2013-01-10,5618,637,1,1,0,0
2,5,2013-01-11,4810,539,1,1,0,0
2,6,2013-01-12,2630,337,1,0,0,0
2,7,2013-01-13,0,0,0,0,0,0
2,1,2013-01-14,3995,530,1,0,0,0
2,2,2013-01-15,4075,513,1,0,0,0
2,3,2013-01-16,4198,591,1,0,0,0
2,4,2013-01-17,2973,403,1,0,0,0
2,5,2013-01-18,3441,434,1,0,0,0
2,6,2013-01-19,2399,303,1,0,0,0
2,7,2013-01-20,0,0,0,0,0,0
2,1,2013-01-21,6311,662,1,1,0,0
2,2,2013-01-22,5803,656,1,1,0,0
2,3,2013-01-23,5974,690,1,1,0,0
2,4,2013-01-24,5091,582,1,1,0,0
2,5,2013-01-25,4589,522,1,1,0,0
2,6,2013-01-26,2205,303,1,0,0,0
2,7,2013-01-27,0,0,0,0,0,0
2,1,2013-01-28,3549,488,1,0,0,0
2,2,2013-01-29,3461,476,1,0,0,0
2,3,2013-01-30,4446,608,1,0,0,0
2,4,2013-01-31,4340,517,1,0,0,0
2,5,2013-02-01,4545,554,1,0,0,0
2,6,2013-02-02,2956,361,1,0,0,0
2,7,2013-02-03,0,0,0,0,0,0
2,1,2013-02-04,6480,688,1,1,0,0
2,2,2013-02-05,6269,674,1,1,0,0
2,3,2013-02-06,6438,769,1,1,0,0
2,4,2013-02-07,5575,638,1,1,0,0
2,5,2013-02-08,4203,491,1,1,0,0
2,6,2013-02-09,3031,354,1,0,0,0
2,7,2013-02-10,0,0,0,0,0,0
2,1,2013-02-11,4303,582,1,0,0,0
2,2,2013-02-12,3968,504,1,0,0,0
2,3,2013-02-13,5001,678,1,0,0,0
2,4,2013-02-14,4439,574,1,0,0,0
2,5,2013-02-15,3812,494,1,0,0,0
2,6,2013-02-16,2401,290,1,0,0,0
2,7,2013-02-17,0,0,0,0,0,0
2,1,2013-02-18,7493,757,1,1,0,1
2,2,2013-02-19,5734,588,1,1,0,1
2,3,2013-02-20,6116,689,1,1,0,1
2,4,2013-02-21,5276,589,1,1,0,1
2,5,2013-02-22,4552,509,1,1,0,1
2,6,2013-02-23,1919,230,1,0,0,0
2,7,2013-02-24,0,0,0,0,0,0
2,1,2013-02-25,3084,432,1,0,0,0
2,2,2013-02-26,3919,480,1,0,0,0
2,3,2013-02-27,4741,635,1,0,0,0
2,4,2013-02-28,4859,565,1,0,0,0
2,5,2013-03-01,4290,555,1,0,0,0
2,6,2013-03-02,2643,353,1,0,0,0
2,7,2013-03-03,0,0,0,0,0,0
2,1,2013-03-04,7993,790,1,1,0,0
2,2,2013-03-05,6357,660,1,1,0,0
2,3,2013-03-06,6842,806,1,1,0,0
2,4,2013-03-07,5747,640,1,1,0,0
2,5,2013-03-08,4822,594,1,1,0,0
2,6,2013-03-09,2208,281,1,0,0,0
2,7,2013-03-10,0,0,0,0,0,0
2,1,2013-03-11,3778,505,1,0,0,0
2,2,2013-03-12,2991,424,1,0,0,0
2,3,2013-03-13,3874,516,1,0,0,0
2,4,2013-03-14,3964,514,1,0,0,0
2,5,2013-03-15,4181,491,1,0,0,0
2,6,2013-03-16,2956,346,1,0,0,0
2,7,2013-03-17,0,0,0,0,0,0
2,1,2013-03-18,7593,712,1,1,0,0
2,2,2013-03-19,6224,670,1,1,0,0
2,3,2013-03-20,6783,826,1,1,0,0
2,4,2013-03-21,5322,609,1,1,0,0
2,5,2013-03-22,4955,540,1,1,0,0
2,6,2013-03-23,2691,330,1,0,0,0
2,7,2013-03-24,0,0,0,0,0,0
2,1,2013-03-25,8412,844,1,1,0,1
2,2,2013-03-26,6384,702,1,1,0,1
2,3,2013-03-27,7880,892,1,1,0,1
2,4,2013-03-28,7229,801,1,1,0,1
2,5,2013-03-29,0,0,0,1,b,1
2,6,2013-03-30,4406,493,1,0,0,0
2,7,2013-03-31,0,0,0,0,0,0
2,1,2013-04-01,0,0,0,0,b,1
2,2,2013-04-02,3643,507,1,0,0,1
2,3,2013-04-03,4250,600,1,0,0,1
2,4,2013-04-04,4114,542,1,0,0,1
2,5,2013-04-05,3872,470,1,0,0,1
2,6,2013-04-06,2461,315,1,0,0,0
2,7,2013-04-07,0,0,0,0,0,0
2,1,2013-04-08,6696,732,1,1,0,0
2,2,2013-04-09,6574,667,1,1,0,0
2,3,2013-04-10,6520,780,1,1,0,0
2,4,2013-04-11,5301,606,1,1,0,0
2,5,2013-04-12,4334,519,1,1,0,0
2,6,2013-04-13,2561,324,1,0,0,0
2,7,2013-04-14,0,0,0,0,0,0
2,1,2013-04-15,3850,548,1,0,0,0
2,2,2013-04-16,4059,542,1,0,0,0
2,3,2013-04-17,4776,683,1,0,0,0
2,4,2013-04-18,3516,517,1,0,0,0
2,5,2013-04-19,3525,466,1,0,0,0
2,6,2013-04-20,2701,341,1,0,0,0
2,7,2013-04-21,0,0,0,0,0,0
2,1,2013-04-22,6774,719,1,1,0,0
2,2,2013-04-23,5775,634,1,1,0,0
2,3,2013-04-24,6260,766,1,1,0,0
2,4,2013-04-25,4689,571,1,1,0,0
2,5,2013-04-26,4914,604,1,1,0,0
2,6,2013-04-27,2134,297,1,0,0,0
2,7,2013-04-28,0,0,0,0,0,0
2,1,2013-04-29,6707,744,1,1,0,0
2,2,2013-04-30,6872,708,1,1,0,0
2,3,2013-05-01,0,0,0,1,a,0
2,4,2013-05-02,6699,762,1,1,0,0
2,5,2013-05-03,5938,794,1,1,0,0
2,6,2013-05-04,2260,339,1,0,0,0
2,7,2013-05-05,0,0,0,0,0,0
2,1,2013-05-06,3840,511,1,0,0,0
2,2,2013-05-07,4131,542,1,0,0,0
2,3,2013-05-08,5605,752,1,0,0,0
2,4,2013-05-09,0,0,0,0,a,0
2,5,2013-05-10,4888,636,1,0,0,1
2,6,2013-05-11,2702,367,1,0,0,0
2,7,2013-05-12,0,0,0,0,0,0
2,1,2013-05-13,6604,739,1,1,0,0
2,2,2013-05-14,5913,672,1,1,0,0
2,3,2013-05-15,6263,807,1,1,0,0
2,4,2013-05-16,5317,635,1,1,0,0
2,5,2013-05-17,4582,541,1,1,0,0
2,6,2013-05-18,2343,325,1,0,0,0
2,7,2013-05-19,0,0,0,0,0,0
2,1,2013-05-20,0,0,0,0,a,0
2,2,2013-05-21,4548,622,1,0,0,0
2,3,2013-05-22,4663,609,1,0,0,0
2,4,2013-05-23,3916,553,1,0,0,0
2,5,2013-05-24,3778,534,1,0,0,0
2,6,2013-05-25,2823,453,1,0,0,0
2,7,2013-05-26,0,0,0,0,0,0
2,1,2013-05-27,6751,678,1,1,0,0
2,2,2013-05-28,5732,665,1,1,0,0
2,3,2013-05-29,5345,679,1,1,0,0
2,4,2013-05-30,5822,631,1,1,0,0
2,5,2013-05-31,5916,632,1,1,0,0
2,6,2013-06-01,2335,295,1,0,0,0
2,7,2013-06-02,0,0,0,0,0,0
2,1,2013-06-03,6959,753,1,1,0,0
2,2,2013-06-04,6280,709,1,1,0,0
2,3,2013-06-05,6682,823,1,1,0,0
2,4,2013-06-06,4776,580,1,1,0,0
2,5,2013-06-07,5237,587,1,1,0,0
2,6,2013-06-08,2246,306,1,0,0,0
2,7,2013-06-09,0,0,0,0,0,0
2,1,2013-06-10,3786,495,1,0,0,0
2,2,2013-06-11,4233,595,1,0,0,0
2,3,2013-06-12,4638,645,1,0,0,0
2,4,2013-06-13,3763,490,1,0,0,0
2,5,2013-06-14,4437,558,1,0,0,0
2,6,2013-06-15,2724,372,1,0,0,0
2,7,2013-06-16,0,0,0,0,0,0
2,1,2013-06-17,7259,743,1,1,0,0
2,2,2013-06-18,5309,611,1,1,0,0
2,3,2013-06-19,5708,734,1,1,0,0
2,4,2013-06-20,4683,547,1,1,0,0
2,5,2013-06-21,5333,626,1,1,0,0
2,6,2013-06-22,2566,361,1,0,0,0
2,7,2013-06-23,0,0,0,0,0,0
2,1,2013-06-24,4388,562,1,0,0,0
2,2,2013-06-25,3921,533,1,0,0,0
2,3,2013-06-26,4869,684,1,0,0,0
2,4,2013-06-27,4791,575,1,0,0,0
2,5,2013-06-28,5261,664,1,0,0,0
2,6,2013-06-29,3687,428,1,0,0,0
2,7,2013-06-30,0,0,0,0,0,0
2,1,2013-07-01,6336,715,1,1,0,0
2,2,2013-07-02,5862,728,1,1,0,0
2,3,2013-07-03,6527,811,1,1,0,0
2,4,2013-07-04,5820,788,1,1,0,0
2,5,2013-07-05,5288,1036,1,1,0,0
2,6,2013-07-06,4504,1164,1,0,0,0
2,7,2013-07-07,0,0,0,0,0,0
2,1,2013-07-08,4460,565,1,0,0,0
2,2,2013-07-09,4600,582,1,0,0,0
2,3,2013-07-10,5244,735,1,0,0,0
2,4,2013-07-11,4772,593,1,0,0,0
2,5,2013-07-12,4605,560,1,0,0,0
2,6,2013-07-13,2838,357,1,0,0,0
2,7,2013-07-14,0,0,0,0,0,0
2,1,2013-07-15,8528,804,1,1,0,1
2,2,2013-07-16,6670,705,1,1,0,1
2,3,2013-07-17,6219,804,1,1,0,1
2,4,2013-07-18,5907,659,1,1,0,1
2,5,2013-07-19,4885,601,1,1,0,1
2,6,2013-07-20,2670,326,1,0,0,0
2,7,2013-07-21,0,0,0,0,0,0
2,1,2013-07-22,3658,490,1,0,0,1
2,2,2013-07-23,3726,469,1,0,0,1
2,3,2013-07-24,4282,611,1,0,0,1
2,4,2013-07-25,3531,496,1,0,0,1
2,5,2013-07-26,3441,438,1,0,0,1
2,6,2013-07-27,2059,292,1,0,0,0
2,7,2013-07-28,0,0,0,0,0,0
2,1,2013-07-29,7249,717,1,1,0,1
2,2,2013-07-30,6802,702,1,1,0,1
2,3,2013-07-31,8295,942,1,1,0,1
2,4,2013-08-01,5640,643,1,1,0,1
2,5,2013-08-02,4776,545,1,1,0,1
2,6,2013-08-03,2641,353,1,0,0,0
2,7,2013-08-04,0,0,0,0,0,0
2,1,2013-08-05,4066,526,1,0,0,1
2,2,2013-08-06,3434,475,1,0,0,1
2,3,2013-08-07,4467,650,1,0,0,1
2,4,2013-08-08,3949,520,1,0,0,1
2,5,2013-08-09,3551,456,1,0,0,1
2,6,2013-08-10,2624,312,1,0,0,0
2,7,2013-08-11,0,0,0,0,0,0
2,1,2013-08-12,6518,725,1,1,0,1
2,2,2013-08-13,6154,640,1,1,0,1
2,3,2013-08-14,7229,860,1,1,0,1
2,4,2013-08-15,5186,619,1,1,0,1
2,5,2013-08-16,4895,571,1,1,0,1
2,6,2013-08-17,2731,353,1,0,0,0
2,7,2013-08-18,0,0,0,0,0,0
2,1,2013-08-19,3747,528,1,0,0,1
2,2,2013-08-20,3894,517,1,0,0,1
2,3,2013-08-21,4399,655,1,0,0,1
2,4,2013-08-22,3998,536,1,0,0,1
2,5,2013-08-23,3652,523,1,0,0,1
2,6,2013-08-24,2546,343,1,0,0,0
2,7,2013-08-25,0,0,0,0,0,0
2,1,2013-08-26,7453,752,1,1,0,0
2,2,2013-08-27,6529,717,1,1,0,0
2,3,2013-08-28,6474,811,1,1,0,0
2,4,2013-08-29,5527,635,1,1,0,0
2,5,2013-08-30,6280,702,1,1,0,0
2,6,2013-08-31,2803,348,1,0,0,0
2,7,2013-09-01,0,0,0,0,0,0
2,1,2013-09-02,4305,547,1,0,0,0
2,2,2013-09-03,4199,549,1,0,0,0
2,3,2013-09-04,4709,673,1,0,0,0
2,4,2013-09-05,3784,531,1,0,0,0
2,5,2013-09-06,3793,471,1,0,0,0
2,6,2013-09-07,2540,330,1,0,0,0
2,7,2013-09-08,0,0,0,0,0,0
2,1,2013-09-09,7005,726,1,1,0,0
2,2,2013-09-10,6578,707,1,1,0,0
2,3,2013-09-11,6537,791,1,1,0,0
2,4,2013-09-12,5558,618,1,1,0,0
2,5,2013-09-13,4954,550,1,1,0,0
2,6,2013-09-14,2841,352,1,0,0,0
2,7,2013-09-15,0,0,0,0,0,0
2,1,2013-09-16,3837,509,1,0,0,0
2,2,2013-09-17,3823,525,1,0,0,0
2,3,2013-09-18,4574,625,1,0,0,0
2,4,2013-09-19,3840,509,1,0,0,0
2,5,2013-09-20,3949,475,1,0,0,0
2,6,2013-09-21,2651,335,1,0,0,0
2,7,2013-09-22,0,0,0,0,0,0
2,1,2013-09-23,6802,677,1,1,0,0
2,2,2013-09-24,6387,670,1,1,0,0
2,3,2013-09-25,6708,858,1,1,0,0
2,4,2013-09-26,5795,629,1,1,0,0
2,5,2013-09-27,4874,547,1,1,0,0
2,6,2013-09-28,3428,383,1,0,0,0
2,7,2013-09-29,0,0,0,0,0,0
2,1,2013-09-30,5610,691,1,0,0,0
2,2,2013-10-01,3830,539,1,0,0,0
2,3,2013-10-02,5238,691,1,0,0,0
2,4,2013-10-03,2656,381,1,0,a,0
2,5,2013-10-04,4671,547,1,0,0,0
2,6,2013-10-05,2688,342,1,0,0,0
2,7,2013-10-06,0,0,0,0,0,0
2,1,2013-10-07,7368,737,1,1,0,0
2,2,2013-10-08,6282,691,1,1,0,0
2,3,2013-10-09,7006,826,1,1,0,0
2,4,2013-10-10,4972,555,1,1,0,0
2,5,2013-10-11,4923,547,1,1,0,0
2,6,2013-10-12,2914,344,1,0,0,0
2,7,2013-10-13,0,0,0,0,0,0
2,1,2013-10-14,4528,578,1,0,0,0
2,2,2013-10-15,3584,472,1,0,0,0
2,3,2013-10-16,5035,679,1,0,0,0
2,4,2013-10-17,3986,519,1,0,0,0
2,5,2013-10-18,4095,548,1,0,0,0
2,6,2013-10-19,2441,325,1,0,0,0
2,7,2013-10-20,0,0,0,0,0,0
2,1,2013-10-21,6538,730,1,1,0,1
2,2,2013-10-22,5450,582,1,1,0,1
2,3,2013-10-23,5896,754,1,1,0,1
2,4,2013-10-24,5015,604,1,1,0,1
2,5,2013-10-25,4524,531,1,1,0,1
2,6,2013-10-26,2517,348,1,0,0,0
2,7,2013-10-27,0,0,0,0,0,0
2,1,2013-10-28,3859,526,1,0,0,1
2,2,2013-10-29,4074,532,1,0,0,1
2,3,2013-10-30,6272,796,1,0,0,1
2,4,2013-10-31,0,0,0,0,a,1
2,5,2013-11-01,5507,664,1,0,0,1
2,6,2013-11-02,2688,355,1,0,0,0
2,7,2013-11-03,0,0,0,0,0,0
2,1,2013-11-04,7930,768,1,1,0,0
2,2,2013-11-05,6368,681,1,1,0,0
2,3,2013-11-06,6941,798,1,1,0,0
2,4,2013-11-07,5570,630,1,1,0,0
2,5,2013-11-08,5441,590,1,1,0,0
2,6,2013-11-09,3145,376,1,0,0,0
2,7,2013-11-10,0,0,0,0,0,0
2,1,2013-11-11,4017,509,1,0,0,0
2,2,2013-11-12,4116,537,1,0,0,0
2,3,2013-11-13,4980,668,1,0,0,0
2,4,2013-11-14,4388,541,1,0,0,0
2,5,2013-11-15,4042,505,1,0,0,0
2,6,2013-11-16,2829,359,1,0,0,0
2,7,2013-11-17,0,0,0,0,0,0
2,1,2013-11-18,7435,735,1,1,0,0
2,2,2013-11-19,6016,660,1,1,0,0
2,3,2013-11-20,6390,690,1,1,0,0
2,4,2013-11-21,5397,571,1,1,0,0
2,5,2013-11-22,4474,537,1,1,0,0
2,6,2013-11-23,2965,335,1,0,0,0
2,7,2013-11-24,0,0,0,0,0,0
2,1,2013-11-25,4669,556,1,0,0,0
2,2,2013-11-26,4303,543,1,0,0,0
2,3,2013-11-27,5498,694,1,0,0,0
2,4,2013-11-28,5149,579,1,0,0,0
2,5,2013-11-29,5027,587,1,0,0,0
2,6,2013-11-30,3343,365,1,0,0,0
2,7,2013-12-01,0,0,0,0,0,0
2,1,2013-12-02,8836,850,1,1,0,0
2,2,2013-12-03,8137,741,1,1,0,0
2,3,2013-12-04,8202,854,1,1,0,0
2,4,2013-12-05,7163,701,1,1,0,0
2,5,2013-12-06,4816,544,1,1,0,0
2,6,2013-12-07,2534,302,1,0,0,0
2,7,2013-12-08,0,0,0,0,0,0
2,1,2013-12-09,4392,587,1,0,0,0
2,2,2013-12-10,4994,629,1,0,0,0
2,3,2013-12-11,6052,732,1,0,0,0
2,4,2013-12-12,5232,591,1,0,0,0
2,5,2013-12-13,4808,546,1,0,0,0
2,6,2013-12-14,3236,353,1,0,0,0
2,7,2013-12-15,0,0,0,0,0,0
2,1,2013-12-16,10479,925,1,1,0,0
2,2,2013-12-17,10374,882,1,1,0,0
2,3,2013-12-18,10019,1011,1,1,0,0
2,4,2013-12-19,8559,823,1,1,0,0
2,5,2013-12-20,7574,801,1,1,0,0
2,6,2013-12-21,4941,539,1,0,0,0
2,7,2013-12-22,0,0,0,0,0,0
2,1,2013-12-23,8640,971,1,0,0,1
2,2,2013-12-24,2407,277,1,0,0,1
2,3,2013-12-25,0,0,0,0,c,1
2,4,2013-12-26,0,0,0,0,c,1
2,5,2013-12-27,5582,659,1,0,0,1
2,6,2013-12-28,3561,416,1,0,0,0
2,7,2013-12-29,0,0,0,0,0,0
2,1,2013-12-30,7528,852,1,0,0,1
2,2,2013-12-31,2148,268,1,0,0,1
2,3,2014-01-01,0,0,0,0,a,1
2,4,2014-01-02,3759,531,1,0,0,1
2,5,2014-01-03,4802,560,1,0,0,1
2,6,2014-01-04,2760,321,1,0,0,0
2,7,2014-01-05,0,0,0,0,0,0
2,1,2014-01-06,8317,823,1,1,0,0
2,2,2014-01-07,6567,727,1,1,0,0
2,3,2014-01-08,6597,796,1,1,0,0
2,4,2014-01-09,6081,643,1,1,0,0
2,5,2014-01-10,5146,628,1,1,0,0
2,6,2014-01-11,2872,358,1,0,0,0
2,7,2014-01-12,0,0,0,0,0,0
2,1,2014-01-13,4290,552,1,0,0,0
2,2,2014-01-14,4195,497,1,0,0,0
2,3,2014-01-15,4919,673,1,0,0,0
2,4,2014-01-16,3998,507,1,0,0,0
2,5,2014-01-17,3868,480,1,0,0,0
2,6,2014-01-18,2497,322,1,0,0,0
2,7,2014-01-19,0,0,0,0,0,0
2,1,2014-01-20,7082,739,1,1,0,0
2,2,2014-01-21,6564,691,1,1,0,0
2,3,2014-01-22,5451,680,1,1,0,0
2,4,2014-01-23,5010,531,1,1,0,0
2,5,2014-01-24,4701,531,1,1,0,0
2,6,2014-01-25,2274,290,1,0,0,0
2,7,2014-01-26,0,0,0,0,0,0
2,1,2014-01-27,3708,507,1,0,0,0
2,2,2014-01-28,3677,497,1,0,0,0
2,3,2014-01-29,4292,567,1,0,0,0
2,4,2014-01-30,4214,493,1,0,0,0
2,5,2014-01-31,4608,550,1,0,0,0
2,6,2014-02-01,2929,353,1,0,0,0
2,7,2014-02-02,0,0,0,0,0,0
2,1,2014-02-03,7372,791,1,1,0,0
2,2,2014-02-04,7036,671,1,1,0,0
2,3,2014-02-05,7198,820,1,1,0,0
2,4,2014-02-06,6012,670,1,1,0,0
2,5,2014-02-07,4848,565,1,1,0,0
2,6,2014-02-08,2484,331,1,0,0,0
2,7,2014-02-09,0,0,0,0,0,0
2,1,2014-02-10,4006,532,1,0,0,0
2,2,2014-02-11,4056,532,1,0,0,0
2,3,2014-02-12,4848,654,1,0,0,0
2,4,2014-02-13,4171,498,1,0,0,0
2,5,2014-02-14,4324,527,1,0,0,0
2,6,2014-02-15,2509,300,1,0,0,0
2,7,2014-02-16,0,0,0,0,0,0
2,1,2014-02-17,7584,761,1,1,0,1
2,2,2014-02-18,5979,644,1,1,0,1
2,3,2014-02-19,6419,774,1,1,0,1
2,4,2014-02-20,4961,584,1,1,0,1
2,5,2014-02-21,4790,527,1,1,0,1
2,6,2014-02-22,2563,316,1,0,0,0
2,7,2014-02-23,0,0,0,0,0,0
2,1,2014-02-24,3894,499,1,0,0,0
2,2,2014-02-25,3520,489,1,0,0,0
2,3,2014-02-26,4548,632,1,0,0,0
2,4,2014-02-27,3998,493,1,0,0,0
2,5,2014-02-28,4400,555,1,0,0,0
2,6,2014-03-01,3350,373,1,0,0,0
2,7,2014-03-02,0,0,0,0,0,0
2,1,2014-03-03,7332,760,1,1,0,0
2,2,2014-03-04,6006,630,1,1,0,0
2,3,2014-03-05,6740,802,1,1,0,0
2,4,2014-03-06,5173,611,1,1,0,0
2,5,2014-03-07,5275,593,1,1,0,0
2,6,2014-03-08,2863,353,1,0,0,0
2,7,2014-03-09,0,0,0,0,0,0
2,1,2014-03-10,3799,516,1,0,0,0
2,2,2014-03-11,3575,501,1,0,0,0
2,3,2014-03-12,4581,658,1,0,0,0
2,4,2014-03-13,4172,551,1,0,0,0
2,5,2014-03-14,3321,430,1,0,0,0
2,6,2014-03-15,2678,333,1,0,0,0
2,7,2014-03-16,0,0,0,0,0,0
2,1,2014-03-17,7054,743,1,1,0,0
2,2,2014-03-18,5805,644,1,1,0,0
2,3,2014-03-19,6275,747,1,1,0,0
2,4,2014-03-20,4950,574,1,1,0,0
2,5,2014-03-21,4993,551,1,1,0,0
2,6,2014-03-22,2569,314,1,0,0,0
2,7,2014-03-23,0,0,0,0,0,0
2,1,2014-03-24,3893,523,1,0,0,0
2,2,2014-03-25,4086,503,1,0,0,0
2,3,2014-03-26,5059,682,1,0,0,0
2,4,2014-03-27,4350,523,1,0,0,0
2,5,2014-03-28,4409,489,1,0,0,0
2,6,2014-03-29,2815,328,1,0,0,0
2,7,2014-03-30,0,0,0,0,0,0
2,1,2014-03-31,9908,963,1,1,0,0
2,2,2014-04-01,4862,587,1,1,0,0
2,3,2014-04-02,7013,825,1,1,0,0
2,4,2014-04-03,5078,581,1,1,0,0
2,5,2014-04-04,5016,566,1,1,0,0
2,6,2014-04-05,2655,330,1,0,0,0
2,7,2014-04-06,0,0,0,0,0,0
2,1,2014-04-07,3941,528,1,0,0,0
2,2,2014-04-08,4475,519,1,0,0,0
2,3,2014-04-09,5142,706,1,0,0,0
2,4,2014-04-10,3691,471,1,0,0,0
2,5,2014-04-11,4701,516,1,0,0,0
2,6,2014-04-12,2574,328,1,0,0,0
2,7,2014-04-13,0,0,0,0,0,0
2,1,2014-04-14,7714,758,1,1,0,0
2,2,2014-04-15,7701,747,1,1,0,0
2,3,2014-04-16,7317,876,1,1,0,0
2,4,2014-04-17,6647,737,1,1,0,0
2,5,2014-04-18,0,0,0,1,b,0
2,6,2014-04-19,4146,465,1,0,0,0
2,7,2014-04-20,0,0,0,0,0,0
2,1,2014-04-21,0,0,0,0,b,1
2,2,2014-04-22,4419,573,1,0,0,1
2,3,2014-04-23,4757,655,1,0,0,1
2,4,2014-04-24,3675,515,1,0,0,1
2,5,2014-04-25,3795,489,1,0,0,1
2,6,2014-04-26,2701,335,1,0,0,0
2,7,2014-04-27,0,0,0,0,0,0
2,1,2014-04-28,6520,667,1,1,0,1
2,2,2014-04-29,6667,707,1,1,0,1
2,3,2014-04-30,7646,943,1,1,0,1
2,4,2014-05-01,0,0,0,1,a,1
2,5,2014-05-02,7176,743,1,1,0,1
2,6,2014-05-03,2968,369,1,0,0,0
2,7,2014-05-04,0,0,0,0,0,0
2,1,2014-05-05,7242,751,1,1,0,0
2,2,2014-05-06,5992,628,1,1,0,0
2,3,2014-05-07,6733,780,1,1,0,0
2,4,2014-05-08,5151,626,1,1,0,0
2,5,2014-05-09,5979,743,1,1,0,0
2,6,2014-05-10,2430,316,1,0,0,0
2,7,2014-05-11,0,0,0,0,0,0
2,1,2014-05-12,3860,546,1,0,0,0
2,2,2014-05-13,3974,530,1,0,0,0
2,3,2014-05-14,4700,664,1,0,0,0
2,4,2014-05-15,4108,518,1,0,0,0
2,5,2014-05-16,3779,528,1,0,0,0
2,6,2014-05-17,2532,352,1,0,0,0
2,7,2014-05-18,0,0,0,0,0,0
2,1,2014-05-19,6996,734,1,1,0,0
2,2,2014-05-20,5155,629,1,1,0,0
2,3,2014-05-21,5584,753,1,1,0,0
2,4,2014-05-22,4887,582,1,1,0,0
2,5,2014-05-23,4802,555,1,1,0,0
2,6,2014-05-24,2516,334,1,0,0,0
2,7,2014-05-25,0,0,0,0,0,0
2,1,2014-05-26,4173,547,1,0,0,0
2,2,2014-05-27,4042,513,1,0,0,0
2,3,2014-05-28,5203,652,1,0,0,0
2,4,2014-05-29,0,0,0,0,a,0
2,5,2014-05-30,5694,743,1,0,0,1
2,6,2014-05-31,2953,485,1,0,0,0
2,7,2014-06-01,0,0,0,0,0,0
2,1,2014-06-02,7320,775,1,1,0,0
2,2,2014-06-03,5619,641,1,1,0,0
2,3,2014-06-04,7006,877,1,1,0,0
2,4,2014-06-05,5957,657,1,1,0,0
2,5,2014-06-06,5064,602,1,1,0,0
2,6,2014-06-07,2893,384,1,0,0,0
2,7,2014-06-08,0,0,0,0,0,0
2,1,2014-06-09,0,0,0,0,a,0
2,2,2014-06-10,4403,526,1,0,0,0
2,3,2014-06-11,4976,670,1,0,0,0
2,4,2014-06-12,5187,632,1,0,0,0
2,5,2014-06-13,4568,544,1,0,0,0
2,6,2014-06-14,2897,337,1,0,0,0
2,7,2014-06-15,0,0,0,0,0,0
2,1,2014-06-16,7394,748,1,1,0,0
2,2,2014-06-17,5830,625,1,1,0,0
2,3,2014-06-18,6300,775,1,1,0,0
2,4,2014-06-19,5451,617,1,1,0,0
2,5,2014-06-20,4572,538,1,1,0,0
2,6,2014-06-21,2514,324,1,0,0,0
2,7,2014-06-22,0,0,0,0,0,0
2,1,2014-06-23,4066,559,1,0,0,0
2,2,2014-06-24,3787,496,1,0,0,0
2,3,2014-06-25,4767,613,1,0,0,0
2,4,2014-06-26,4215,542,1,0,0,0
2,5,2014-06-27,4646,552,1,0,0,0
2,6,2014-06-28,2644,340,1,0,0,0
2,7,2014-06-29,0,0,0,0,0,0
2,1,2014-06-30,10682,1021,1,1,0,0
2,2,2014-07-01,5454,646,1,1,0,0
2,3,2014-07-02,6623,821,1,1,0,0
2,4,2014-07-03,5824,888,1,1,0,0
2,5,2014-07-04,5200,1133,1,1,0,0
2,6,2014-07-05,4043,1013,1,0,0,0
2,7,2014-07-06,0,0,0,0,0,0
2,1,2014-07-07,3981,522,1,0,0,0
2,2,2014-07-08,4009,538,1,0,0,0
2,3,2014-07-09,4602,568,1,0,0,0
2,4,2014-07-10,4557,507,1,0,0,0
2,5,2014-07-11,3402,494,1,0,0,0
2,6,2014-07-12,2806,340,1,0,0,0
2,7,2014-07-13,0,0,0,0,0,0
2,1,2014-07-14,7014,714,1,1,0,0
2,2,2014-07-15,6361,692,1,1,0,0
2,3,2014-07-16,7113,869,1,1,0,0
2,4,2014-07-17,5315,600,1,1,0,0
2,5,2014-07-18,4971,550,1,1,0,0
2,6,2014-07-19,3009,339,1,0,0,0
2,7,2014-07-20,0,0,0,0,0,0
2,1,2014-07-21,3802,494,1,0,0,1
2,2,2014-07-22,4509,566,1,0,0,1
2,3,2014-07-23,5152,705,1,0,0,1
2,4,2014-07-24,3886,510,1,0,0,1
2,5,2014-07-25,3956,500,1,0,0,1
2,6,2014-07-26,2243,316,1,0,0,0
2,7,2014-07-27,0,0,0,0,0,0
2,1,2014-07-28,6494,641,1,1,0,1
2,2,2014-07-29,5274,561,1,1,0,1
2,3,2014-07-30,6308,768,1,1,0,1
2,4,2014-07-31,6301,703,1,1,0,1
2,5,2014-08-01,5434,620,1,1,0,1
2,6,2014-08-02,3354,451,1,0,0,0
2,7,2014-08-03,0,0,0,0,0,0
2,1,2014-08-04,6315,668,1,1,0,1
2,2,2014-08-05,5811,621,1,1,0,1
2,3,2014-08-06,6331,767,1,1,0,1
2,4,2014-08-07,4809,563,1,1,0,1
2,5,2014-08-08,4597,498,1,1,0,1
2,6,2014-08-09,2592,344,1,0,0,0
2,7,2014-08-10,0,0,0,0,0,0
2,1,2014-08-11,4158,554,1,0,0,1
2,2,2014-08-12,4319,535,1,0,0,1
2,3,2014-08-13,5010,670,1,0,0,1
2,4,2014-08-14,4606,564,1,0,0,1
2,5,2014-08-15,4218,498,1,0,0,1
2,6,2014-08-16,2847,336,1,0,0,0
2,7,2014-08-17,0,0,0,0,0,0
2,1,2014-08-18,6355,688,1,1,0,1
2,2,2014-08-19,6000,647,1,1,0,1
2,3,2014-08-20,7056,850,1,1,0,1
2,4,2014-08-21,5626,615,1,1,0,1
2,5,2014-08-22,5064,586,1,1,0,1
2,6,2014-08-23,2738,341,1,0,0,0
2,7,2014-08-24,0,0,0,0,0,0
2,1,2014-08-25,3927,538,1,0,0,1
2,2,2014-08-26,3647,462,1,0,0,1
2,3,2014-08-27,5127,699,1,0,0,1
2,4,2014-08-28,3717,524,1,0,0,1
2,5,2014-08-29,4318,537,1,0,0,1
2,6,2014-08-30,2976,376,1,0,0,0
2,7,2014-08-31,0,0,0,0,0,0
2,1,2014-09-01,8173,805,1,1,0,0
2,2,2014-09-02,6422,645,1,1,0,0
2,3,2014-09-03,6615,754,1,1,0,0
2,4,2014-09-04,5401,635,1,1,0,0
2,5,2014-09-05,4823,578,1,1,0,0
2,6,2014-09-06,2551,329,1,0,0,0
2,7,2014-09-07,0,0,0,0,0,0
2,1,2014-09-08,4189,564,1,0,0,0
2,2,2014-09-09,4963,589,1,0,0,0
2,3,2014-09-10,4865,646,1,0,0,0
2,4,2014-09-11,4123,477,1,0,0,0
2,5,2014-09-12,3323,435,1,0,0,0
2,6,2014-09-13,2593,318,1,0,0,0
2,7,2014-09-14,0,0,0,0,0,0
2,1,2014-09-15,6997,735,1,1,0,0
2,2,2014-09-16,6207,663,1,1,0,0
2,3,2014-09-17,6469,762,1,1,0,0
2,4,2014-09-18,4994,556,1,1,0,0
2,5,2014-09-19,4491,547,1,1,0,0
2,6,2014-09-20,2473,306,1,0,0,0
2,7,2014-09-21,0,0,0,0,0,0
2,1,2014-09-22,4004,501,1,0,0,0
2,2,2014-09-23,3874,510,1,0,0,0
2,3,2014-09-24,5084,694,1,0,0,0
2,4,2014-09-25,3911,504,1,0,0,0
2,5,2014-09-26,3583,443,1,0,0,0
2,6,2014-09-27,2725,354,1,0,0,0
2,7,2014-09-28,0,0,0,0,0,0
2,1,2014-09-29,7514,750,1,1,0,0
2,2,2014-09-30,8461,839,1,1,0,0
2,3,2014-10-01,5565,695,1,1,0,0
2,4,2014-10-02,4845,630,1,1,0,0
2,5,2014-10-03,2689,389,1,1,a,0
2,6,2014-10-04,2979,377,1,0,0,0
2,7,2014-10-05,0,0,0,0,0,0
2,1,2014-10-06,7562,748,1,1,0,1
2,2,2014-10-07,5808,646,1,1,0,1
2,3,2014-10-08,6252,736,1,1,0,1
2,4,2014-10-09,5283,614,1,1,0,1
2,5,2014-10-10,4907,529,1,1,0,1
2,6,2014-10-11,2497,322,1,0,0,0
2,7,2014-10-12,0,0,0,0,0,0
2,1,2014-10-13,4377,569,1,0,0,1
2,2,2014-10-14,3982,516,1,0,0,1
2,3,2014-10-15,4732,670,1,0,0,1
2,4,2014-10-16,4288,522,1,0,0,1
2,5,2014-10-17,3852,501,1,0,0,1
2,6,2014-10-18,2613,330,1,0,0,0
2,7,2014-10-19,0,0,0,0,0,0
2,1,2014-10-20,6631,684,1,1,0,0
2,2,2014-10-21,5382,593,1,1,0,0
2,3,2014-10-22,5261,600,1,1,0,0
2,4,2014-10-23,5729,628,1,1,0,0
2,5,2014-10-24,5096,578,1,1,0,0
2,6,2014-10-25,2542,331,1,0,0,0
2,7,2014-10-26,0,0,0,0,0,0
2,1,2014-10-27,4296,573,1,0,0,0
2,2,2014-10-28,3849,523,1,0,0,0
2,3,2014-10-29,4986,668,1,0,0,0
2,4,2014-10-30,5394,653,1,0,0,0
2,5,2014-10-31,0,0,0,0,a,0
2,6,2014-11-01,3305,448,1,0,0,0
2,7,2014-11-02,0,0,0,0,0,0
2,1,2014-11-03,7549,783,1,1,0,0
2,2,2014-11-04,7015,724,1,1,0,0
2,3,2014-11-05,7142,797,1,1,0,0
2,4,2014-11-06,6307,630,1,1,0,0
2,5,2014-11-07,5445,590,1,1,0,0
2,6,2014-11-08,3311,368,1,0,0,0
2,7,2014-11-09,0,0,0,0,0,0
2,1,2014-11-10,6423,690,1,1,0,0
2,2,2014-11-11,5651,601,1,1,0,0
2,3,2014-11-12,6818,776,1,1,0,0
2,4,2014-11-13,5009,624,1,1,0,0
2,5,2014-11-14,4655,560,1,1,0,0
2,6,2014-11-15,2979,373,1,0,0,0
2,7,2014-11-16,0,0,0,0,0,0
2,1,2014-11-17,4157,552,1,0,0,0
2,2,2014-11-18,3468,411,1,0,0,0
2,3,2014-11-19,5091,674,1,0,0,0
2,4,2014-11-20,4527,535,1,0,0,0
2,5,2014-11-21,3978,472,1,0,0,0
2,6,2014-11-22,3085,367,1,0,0,0
2,7,2014-11-23,0,0,0,0,0,0
2,1,2014-11-24,7038,696,1,1,0,0
2,2,2014-11-25,6511,632,1,1,0,0
2,3,2014-11-26,7588,828,1,1,0,0
2,4,2014-11-27,6119,644,1,1,0,0
2,5,2014-11-28,6062,608,1,1,0,0
2,6,2014-11-29,3424,372,1,0,0,0
2,7,2014-11-30,0,0,0,0,0,0
2,1,2014-12-01,8674,783,1,1,0,0
2,2,2014-12-02,7664,751,1,1,0,0
2,3,2014-12-03,7533,769,1,1,0,0
2,4,2014-12-04,6661,670,1,1,0,0
2,5,2014-12-05,6385,676,1,1,0,0
2,6,2014-12-06,2914,386,1,0,0,0
2,7,2014-12-07,0,0,0,0,0,0
2,1,2014-12-08,4821,616,1,0,0,0
2,2,2014-12-09,5264,596,1,0,0,0
2,3,2014-12-10,5830,717,1,0,0,0
2,4,2014-12-11,4629,539,1,0,0,0
2,5,2014-12-12,4407,497,1,0,0,0
2,6,2014-12-13,3375,350,1,0,0,0
2,7,2014-12-14,0,0,0,0,0,0
2,1,2014-12-15,10419,909,1,1,0,0
2,2,2014-12-16,9499,866,1,1,0,0
2,3,2014-12-17,9365,909,1,1,0,0
2,4,2014-12-18,8117,777,1,1,0,0
2,5,2014-12-19,7574,718,1,1,0,0
2,6,2014-12-20,4553,495,1,0,0,0
2,7,2014-12-21,0,0,0,0,0,0
2,1,2014-12-22,9027,924,1,0,0,1
2,2,2014-12-23,7557,816,1,0,0,1
2,3,2014-12-24,2437,274,1,0,0,1
2,4,2014-12-25,0,0,0,0,c,1
2,5,2014-12-26,0,0,0,0,c,1
2,6,2014-12-27,3934,457,1,0,0,0
2,7,2014-12-28,0,0,0,0,0,0
2,1,2014-12-29,5999,662,1,0,0,1
2,2,2014-12-30,5513,632,1,0,0,1
2,3,2014-12-31,2269,252,1,0,0,1
2,4,2015-01-01,0,0,0,0,0,1
2,5,2015-01-02,4137,543,1,0,0,1
2,6,2015-01-03,3132,350,1,0,0,0
2,7,2015-01-04,0,0,0,0,0,0
2,1,2015-01-05,7308,755,1,1,0,0
2,2,2015-01-06,6696,727,1,1,0,0
2,3,2015-01-07,5945,670,1,1,0,0
2,4,2015-01-08,5246,567,1,1,0,0
2,5,2015-01-09,4762,524,1,1,0,0
2,6,2015-01-10,3024,346,1,0,0,0
2,7,2015-01-11,0,0,0,0,0,0
2,1,2015-01-12,7237,689,1,1,0,0
2,2,2015-01-13,6444,695,1,1,0,0
2,3,2015-01-14,6366,700,1,1,0,0
2,4,2015-01-15,5810,632,1,1,0,0
2,5,2015-01-16,5456,573,1,1,0,0
2,6,2015-01-17,2883,340,1,0,0,0
2,7,2015-01-18,0,0,0,0,0,0
2,1,2015-01-19,4082,528,1,0,0,0
2,2,2015-01-20,3955,491,1,0,0,0
2,3,2015-01-21,4524,606,1,0,0,0
2,4,2015-01-22,3728,484,1,0,0,0
2,5,2015-01-23,3206,418,1,0,0,0
2,6,2015-01-24,2575,326,1,0,0,0
2,7,2015-01-25,0,0,0,0,0,0
2,1,2015-01-26,5931,638,1,1,0,0
2,2,2015-01-27,5258,575,1,1,0,0
2,3,2015-01-28,6032,720,1,1,0,0
2,4,2015-01-29,4775,539,1,1,0,0
2,5,2015-01-30,5919,624,1,1,0,0
2,6,2015-01-31,3067,323,1,0,0,0
2,7,2015-02-01,0,0,0,0,0,0
2,1,2015-02-02,8155,808,1,1,0,1
2,2,2015-02-03,6837,684,1,1,0,1
2,3,2015-02-04,6405,721,1,1,0,1
2,4,2015-02-05,5275,603,1,1,0,1
2,5,2015-02-06,5260,550,1,1,0,1
2,6,2015-02-07,2335,306,1,0,0,0
2,7,2015-02-08,0,0,0,0,0,0
2,1,2015-02-09,3678,491,1,0,0,0
2,2,2015-02-10,4653,567,1,0,0,0
2,3,2015-02-11,4773,641,1,0,0,0
2,4,2015-02-12,3765,485,1,0,0,0
2,5,2015-02-13,3647,499,1,0,0,0
2,6,2015-02-14,2809,351,1,0,0,0
2,7,2015-02-15,0,0,0,0,0,0
2,1,2015-02-16,7478,703,1,1,0,0
2,2,2015-02-17,6113,623,1,1,0,0
2,3,2015-02-18,6178,758,1,1,0,0
2,4,2015-02-19,5842,627,1,1,0,0
2,5,2015-02-20,4727,544,1,1,0,0
2,6,2015-02-21,3005,355,1,0,0,0
2,7,2015-02-22,0,0,0,0,0,0
2,1,2015-02-23,3633,481,1,0,0,0
2,2,2015-02-24,3755,498,1,0,0,0
2,3,2015-02-25,4666,653,1,0,0,0
2,4,2015-02-26,4035,509,1,0,0,0
2,5,2015-02-27,4022,517,1,0,0,0
2,6,2015-02-28,3032,378,1,0,0,0
2,7,2015-03-01,0,0,0,0,0,0
2,1,2015-03-02,7161,739,1,1,0,0
2,2,2015-03-03,6610,697,1,1,0,0
2,3,2015-03-04,6478,764,1,1,0,0
2,4,2015-03-05,5532,634,1,1,0,0
2,5,2015-03-06,4823,550,1,1,0,0
2,6,2015-03-07,3211,367,1,0,0,0
2,7,2015-03-08,0,0,0,0,0,0
2,1,2015-03-09,3967,532,1,0,0,0
2,2,2015-03-10,4095,512,1,0,0,0
2,3,2015-03-11,4949,668,1,0,0,0
2,4,2015-03-12,4065,514,1,0,0,0
2,5,2015-03-13,3430,442,1,0,0,0
2,6,2015-03-14,2803,343,1,0,0,0
2,7,2015-03-15,0,0,0,0,0,0
2,1,2015-03-16,7209,734,1,1,0,0
2,2,2015-03-17,6457,666,1,1,0,0
2,3,2015-03-18,7034,786,1,1,0,0
2,4,2015-03-19,5737,622,1,1,0,0
2,5,2015-03-20,4759,532,1,1,0,0
2,6,2015-03-21,2922,367,1,0,0,0
2,7,2015-03-22,0,0,0,0,0,0
2,1,2015-03-23,4183,516,1,0,0,0
2,2,2015-03-24,4436,523,1,0,0,0
2,3,2015-03-25,5150,684,1,0,0,0
2,4,2015-03-26,3912,486,1,0,0,0
2,5,2015-03-27,3800,458,1,0,0,0
2,6,2015-03-28,3011,355,1,0,0,0
2,7,2015-03-29,0,0,0,0,0,0
2,1,2015-03-30,8733,777,1,1,0,1
2,2,2015-03-31,10107,850,1,1,0,1
2,3,2015-04-01,6473,756,1,1,0,1
2,4,2015-04-02,6168,619,1,1,0,1
2,5,2015-04-03,0,0,0,1,b,1
2,6,2015-04-04,4446,506,1,0,0,0
2,7,2015-04-05,0,0,0,0,0,0
2,1,2015-04-06,0,0,0,0,b,1
2,2,2015-04-07,4588,582,1,0,0,1
2,3,2015-04-08,5304,677,1,0,0,1
2,4,2015-04-09,3793,501,1,0,0,1
2,5,2015-04-10,3824,488,1,0,0,1
2,6,2015-04-11,2662,319,1,0,0,0
2,7,2015-04-12,0,0,0,0,0,0
2,1,2015-04-13,6947,698,1,1,0,0
2,2,2015-04-14,6569,703,1,1,0,0
2,3,2015-04-15,7132,850,1,1,0,0
2,4,2015-04-16,5371,590,1,1,0,0
2,5,2015-04-17,4948,549,1,1,0,0
2,6,2015-04-18,3066,340,1,0,0,0
2,7,2015-04-19,0,0,0,0,0,0
2,1,2015-04-20,4184,511,1,0,0,0
2,2,2015-04-21,3291,469,1,0,0,0
2,3,2015-04-22,5032,641,1,0,0,0
2,4,2015-04-23,3588,482,1,0,0,0
2,5,2015-04-24,3678,482,1,0,0,0
2,6,2015-04-25,2916,453,1,0,0,0
2,7,2015-04-26,0,0,0,0,0,0
2,1,2015-04-27,6523,647,1,1,0,0
2,2,2015-04-28,6861,678,1,1,0,0
2,3,2015-04-29,6764,756,1,1,0,0
2,4,2015-04-30,6884,716,1,1,0,0
2,5,2015-05-01,0,0,0,1,a,0
2,6,2015-05-02,3590,423,1,0,0,0
2,7,2015-05-03,0,0,0,0,0,0
2,1,2015-05-04,6901,681,1,1,0,0
2,2,2015-05-05,6295,653,1,1,0,0
2,3,2015-05-06,6558,780,1,1,0,0
2,4,2015-05-07,5382,597,1,1,0,0
2,5,2015-05-08,5734,753,1,1,0,0
2,6,2015-05-09,2722,348,1,0,0,0
2,7,2015-05-10,0,0,0,0,0,0
2,1,2015-05-11,4521,544,1,0,0,0
2,2,2015-05-12,4319,541,1,0,0,0
2,3,2015-05-13,5662,734,1,0,0,0
2,4,2015-05-14,0,0,0,0,a,0
2,5,2015-05-15,5293,592,1,0,0,1
2,6,2015-05-16,2831,337,1,0,0,0
2,7,2015-05-17,0,0,0,0,0,0
2,1,2015-05-18,8078,747,1,1,0,0
2,2,2015-05-19,6388,631,1,1,0,0
2,3,2015-05-20,6696,794,1,1,0,0
2,4,2015-05-21,5431,609,1,1,0,0
2,5,2015-05-22,4564,504,1,1,0,0
2,6,2015-05-23,2732,331,1,0,0,0
2,7,2015-05-24,0,0,0,0,0,0
2,1,2015-05-25,0,0,0,0,a,0
2,2,2015-05-26,4708,564,1,0,0,0
2,3,2015-05-27,5093,672,1,0,0,0
2,4,2015-05-28,4049,518,1,0,0,0
2,5,2015-05-29,4541,576,1,0,0,0
2,6,2015-05-30,3447,513,1,0,0,0
2,7,2015-05-31,0,0,0,0,0,0
2,1,2015-06-01,6629,673,1,1,0,0
2,2,2015-06-02,7099,697,1,1,0,0
2,3,2015-06-03,6682,768,1,1,0,0
2,4,2015-06-04,5810,646,1,1,0,0
2,5,2015-06-05,4938,532,1,1,0,0
2,6,2015-06-06,2641,319,1,0,0,0
2,7,2015-06-07,0,0,0,0,0,0
2,1,2015-06-08,3918,501,1,0,0,0
2,2,2015-06-09,4097,560,1,0,0,0
2,3,2015-06-10,5035,680,1,0,0,0
2,4,2015-06-11,4240,515,1,0,0,0
2,5,2015-06-12,3539,480,1,0,0,0
2,6,2015-06-13,2574,319,1,0,0,0
2,7,2015-06-14,0,0,0,0,0,0
2,1,2015-06-15,8106,762,1,1,0,0
2,2,2015-06-16,6243,648,1,1,0,0
2,3,2015-06-17,6924,805,1,1,0,0
2,4,2015-06-18,5154,594,1,1,0,0
2,5,2015-06-19,4926,544,1,1,0,0
2,6,2015-06-20,3020,323,1,0,0,0
2,7,2015-06-21,0,0,0,0,0,0
2,1,2015-06-22,4123,491,1,0,0,0
2,2,2015-06-23,4094,512,1,0,0,0
2,3,2015-06-24,4805,654,1,0,0,0
2,4,2015-06-25,4022,508,1,0,0,0
2,5,2015-06-26,3953,476,1,0,0,0
2,6,2015-06-27,2404,303,1,0,0,0
2,7,2015-06-28,0,0,0,0,0,0
2,1,2015-06-29,7961,734,1,1,0,0
2,2,2015-06-30,9863,877,1,1,0,0
2,3,2015-07-01,6431,786,1,1,0,0
2,4,2015-07-02,6189,921,1,1,0,0
2,5,2015-07-03,4838,1029,1,1,0,0
2,6,2015-07-04,4475,1147,1,0,0,0
2,7,2015-07-05,0,0,0,0,0,0
2,1,2015-07-06,4132,523,1,0,0,0
2,2,2015-07-07,4313,531,1,0,0,0
2,3,2015-07-08,5676,693,1,0,0,0
2,4,2015-07-09,4082,495,1,0,0,0
2,5,2015-07-10,4384,539,1,0,0,0
2,6,2015-07-11,2677,311,1,0,0,0
2,7,2015-07-12,0,0,0,0,0,0
2,1,2015-07-13,6874,687,1,1,0,1
2,2,2015-07-14,6122,645,1,1,0,1
2,3,2015-07-15,6406,780,1,1,0,1
2,4,2015-07-16,5062,544,1,1,0,1
2,5,2015-07-17,4518,495,1,1,0,1
2,6,2015-07-18,3417,359,1,0,0,0
2,7,2015-07-19,0,0,0,0,0,0
2,1,2015-07-20,4435,564,1,0,0,1
2,2,2015-07-21,3836,532,1,0,0,1
2,3,2015-07-22,5093,650,1,0,0,1
2,4,2015-07-23,4108,521,1,0,0,1
2,5,2015-07-24,3854,468,1,0,0,1
2,6,2015-07-25,2512,316,1,0,0,0
2,7,2015-07-26,0,0,0,0,0,0
2,1,2015-07-27,6627,638,1,1,0,1
2,2,2015-07-28,5671,646,1,1,0,1
2,3,2015-07-29,6402,727,1,1,0,1
2,4,2015-07-30,5567,601,1,1,0,1
2,5,2015-07-31,6064,625,1,1,0,1
3,2,2013-01-01,0,0,0,0,a,1
3,3,2013-01-02,6823,805,1,0,0,1
3,4,2013-01-03,5902,721,1,0,0,1
3,5,2013-01-04,6069,690,1,0,0,1
3,6,2013-01-05,4523,525,1,0,0,0
3,7,2013-01-06,0,0,0,0,0,0
3,1,2013-01-07,12247,1079,1,1,0,0
3,2,2013-01-08,9800,856,1,1,0,0
3,3,2013-01-09,8001,778,1,1,0,0
3,4,2013-01-10,7772,791,1,1,0,0
3,5,2013-01-11,9292,951,1,1,0,0
3,6,2013-01-12,4455,485,1,0,0,0
3,7,2013-01-13,0,0,0,0,0,0
3,1,2013-01-14,4566,599,1,0,0,0
3,2,2013-01-15,5041,669,1,0,0,0
3,3,2013-01-16,4827,617,1,0,0,0
3,4,2013-01-17,4463,600,1,0,0,0
3,5,2013-01-18,5390,703,1,0,0,0
3,6,2013-01-19,3938,427,1,0,0,0
3,7,2013-01-20,0,0,0,0,0,0
3,1,2013-01-21,6014,630,1,1,0,0
3,2,2013-01-22,7961,797,1,1,0,0
3,3,2013-01-23,7863,803,1,1,0,0
3,4,2013-01-24,7910,814,1,1,0,0
3,5,2013-01-25,7565,773,1,1,0,0
3,6,2013-01-26,3902,450,1,0,0,0
3,7,2013-01-27,0,0,0,0,0,0
3,1,2013-01-28,5352,722,1,0,0,0
3,2,2013-01-29,5375,711,1,0,0,0
3,3,2013-01-30,4920,647,1,0,0,0
3,4,2013-01-31,5682,648,1,0,0,0
3,5,2013-02-01,6725,806,1,0,0,0
3,6,2013-02-02,5155,603,1,0,0,0
3,7,2013-02-03,0,0,0,0,0,0
3,1,2013-02-04,10913,1070,1,1,0,0
3,2,2013-02-05,9372,925,1,1,0,0
3,3,2013-02-06,9084,950,1,1,0,0
3,4,2013-02-07,7786,861,1,1,0,0
3,5,2013-02-08,7945,842,1,1,0,0
3,6,2013-02-09,4324,494,1,0,0,0
3,7,2013-02-10,0,0,0,0,0,0
3,1,2013-02-11,5541,736,1,0,0,0
3,2,2013-02-12,5725,758,1,0,0,0
3,3,2013-02-13,5111,680,1,0,0,0
3,4,2013-02-14,5912,741,1,0,0,0
3,5,2013-02-15,5159,673,1,0,0,0
3,6,2013-02-16,4000,488,1,0,0,0
3,7,2013-02-17,0,0,0,0,0,0
3,1,2013-02-18,10793,1008,1,1,0,0
3,2,2013-02-19,7997,755,1,1,0,0
3,3,2013-02-20,7862,812,1,1,0,0
3,4,2013-02-21,7517,772,1,1,0,0
3,5,2013-02-22,7993,840,1,1,0,0
3,6,2013-02-23,3688,446,1,0,0,0
3,7,2013-02-24,0,0,0,0,0,0
3,1,2013-02-25,5072,675,1,0,0,0
3,2,2013-02-26,5154,669,1,0,0,0
3,3,2013-02-27,5172,670,1,0,0,0
3,4,2013-02-28,6167,767,1,0,0,0
3,5,2013-03-01,6575,800,1,0,0,0
3,6,2013-03-02,5037,638,1,0,0,0
3,7,2013-03-03,0,0,0,0,0,0
3,1,2013-03-04,11004,1080,1,1,0,0
3,2,2013-03-05,9878,987,1,1,0,0
3,3,2013-03-06,8729,871,1,1,0,0
3,4,2013-03-07,8479,901,1,1,0,0
3,5,2013-03-08,8174,864,1,1,0,0
3,6,2013-03-09,3778,436,1,0,0,0
3,7,2013-03-10,0,0,0,0,0,0
3,1,2013-03-11,4968,633,1,0,0,0
3,2,2013-03-12,5452,704,1,0,0,0
3,3,2013-03-13,5391,703,1,0,0,0
3,4,2013-03-14,4993,642,1,0,0,0
3,5,2013-03-15,6933,829,1,0,0,0
3,6,2013-03-16,4249,493,1,0,0,0
3,7,2013-03-17,0,0,0,0,0,0
3,1,2013-03-18,11199,1062,1,1,0,0
3,2,2013-03-19,9725,965,1,1,0,0
3,3,2013-03-20,8459,868,1,1,0,0
3,4,2013-03-21,8245,855,1,1,0,0
3,5,2013-03-22,8355,886,1,1,0,0
3,6,2013-03-23,4200,457,1,0,0,0
3,7,2013-03-24,0,0,0,0,0,0
3,1,2013-03-25,10181,1031,1,1,0,1
3,2,2013-03-26,9991,999,1,1,0,1
3,3,2013-03-27,9033,946,1,1,0,1
3,4,2013-03-28,9884,1032,1,1,0,1
3,5,2013-03-29,0,0,0,1,b,1
3,6,2013-03-30,6267,672,1,0,0,0
3,7,2013-03-31,0,0,0,0,0,0
3,1,2013-04-01,0,0,0,0,b,1
3,2,2013-04-02,5856,802,1,0,0,1
3,3,2013-04-03,5704,715,1,0,0,1
3,4,2013-04-04,6663,781,1,0,0,1
3,5,2013-04-05,6197,740,1,0,0,1
3,6,2013-04-06,4656,556,1,0,0,0
3,7,2013-04-07,0,0,0,0,0,0
3,1,2013-04-08,9781,940,1,1,0,0
3,2,2013-04-09,9416,925,1,1,0,0
3,3,2013-04-10,8414,839,1,1,0,0
3,4,2013-04-11,7959,760,1,1,0,0
3,5,2013-04-12,8866,936,1,1,0,0
3,6,2013-04-13,3765,438,1,0,0,0
3,7,2013-04-14,0,0,0,0,0,0
3,1,2013-04-15,5295,723,1,0,0,0
3,2,2013-04-16,5092,688,1,0,0,0
3,3,2013-04-17,5320,699,1,0,0,0
3,4,2013-04-18,5399,689,1,0,0,0
3,5,2013-04-19,5608,705,1,0,0,0
3,6,2013-04-20,4007,472,1,0,0,0
3,7,2013-04-21,0,0,0,0,0,0
3,1,2013-04-22,8979,930,1,1,0,0
3,2,2013-04-23,8294,835,1,1,0,0
3,3,2013-04-24,8041,838,1,1,0,0
3,4,2013-04-25,7232,789,1,1,0,0
3,5,2013-04-26,7194,744,1,1,0,0
3,6,2013-04-27,3773,451,1,0,0,0
3,7,2013-04-28,0,0,0,0,0,0
3,1,2013-04-29,9036,871,1,1,0,0
3,2,2013-04-30,11641,1129,1,1,0,0
3,3,2013-05-01,0,0,0,1,a,0
3,4,2013-05-02,9884,1011,1,1,0,0
3,5,2013-05-03,9198,964,1,1,0,0
3,6,2013-05-04,4732,590,1,0,0,0
3,7,2013-05-05,0,0,0,0,0,0
3,1,2013-05-06,6092,758,1,0,0,0
3,2,2013-05-07,6048,717,1,0,0,0
3,3,2013-05-08,6866,838,1,0,0,0
3,4,2013-05-09,0,0,0,0,a,0
3,5,2013-05-10,7821,909,1,0,0,0
3,6,2013-05-11,6103,847,1,0,0,0
3,7,2013-05-12,0,0,0,0,0,0
3,1,2013-05-13,8836,860,1,1,0,0
3,2,2013-05-14,8802,937,1,1,0,0
3,3,2013-05-15,8094,878,1,1,0,0
3,4,2013-05-16,8081,886,1,1,0,0
3,5,2013-05-17,7980,827,1,1,0,0
3,6,2013-05-18,3946,443,1,0,0,0
3,7,2013-05-19,0,0,0,0,0,0
3,1,2013-05-20,0,0,0,0,a,0
3,2,2013-05-21,6829,829,1,0,0,1
3,3,2013-05-22,5617,702,1,0,0,0
3,4,2013-05-23,4929,648,1,0,0,0
3,5,2013-05-24,6220,780,1,0,0,0
3,6,2013-05-25,4144,468,1,0,0,0
3,7,2013-05-26,0,0,0,0,0,0
3,1,2013-05-27,9551,948,1,1,0,0
3,2,2013-05-28,9168,911,1,1,0,0
3,3,2013-05-29,9222,945,1,1,0,0
3,4,2013-05-30,0,0,0,1,a,0
3,5,2013-05-31,12211,1167,1,1,0,0
3,6,2013-06-01,4947,587,1,0,0,0
3,7,2013-06-02,0,0,0,0,0,0
3,1,2013-06-03,10025,1014,1,1,0,0
3,2,2013-06-04,8935,904,1,1,0,0
3,3,2013-06-05,7714,816,1,1,0,0
3,4,2013-06-06,8051,840,1,1,0,0
3,5,2013-06-07,8351,895,1,1,0,0
3,6,2013-06-08,4002,480,1,0,0,0
3,7,2013-06-09,0,0,0,0,0,0
3,1,2013-06-10,5881,742,1,0,0,0
3,2,2013-06-11,5592,727,1,0,0,0
3,3,2013-06-12,5520,657,1,0,0,0
3,4,2013-06-13,5499,647,1,0,0,0
3,5,2013-06-14,6440,742,1,0,0,0
3,6,2013-06-15,4330,491,1,0,0,0
3,7,2013-06-16,0,0,0,0,0,0
3,1,2013-06-17,10328,986,1,1,0,0
3,2,2013-06-18,9065,892,1,1,0,0
3,3,2013-06-19,7745,761,1,1,0,0
3,4,2013-06-20,6633,710,1,1,0,0
3,5,2013-06-21,8739,863,1,1,0,0
3,6,2013-06-22,4199,485,1,0,0,0
3,7,2013-06-23,0,0,0,0,0,0
3,1,2013-06-24,6538,716,1,0,0,0
3,2,2013-06-25,5414,701,1,0,0,0
3,3,2013-06-26,5461,676,1,0,0,0
3,4,2013-06-27,6546,787,1,0,0,0
3,5,2013-06-28,8280,887,1,0,0,0
3,6,2013-06-29,6227,742,1,0,0,0
3,7,2013-06-30,0,0,0,0,0,0
3,1,2013-07-01,9469,949,1,1,0,0
3,2,2013-07-02,9158,892,1,1,0,0
3,3,2013-07-03,9924,908,1,1,0,0
3,4,2013-07-04,8932,930,1,1,0,0
3,5,2013-07-05,9257,930,1,1,0,0
3,6,2013-07-06,4882,582,1,0,0,0
3,7,2013-07-07,0,0,0,0,0,0
3,1,2013-07-08,6103,737,1,0,0,0
3,2,2013-07-09,6097,768,1,0,0,0
3,3,2013-07-10,6691,798,1,0,0,0
3,4,2013-07-11,6035,698,1,0,0,0
3,5,2013-07-12,5769,715,1,0,0,0
3,6,2013-07-13,4056,489,1,0,0,0
3,7,2013-07-14,0,0,0,0,0,0
3,1,2013-07-15,12179,1094,1,1,0,0
3,2,2013-07-16,11756,1070,1,1,0,0
3,3,2013-07-17,9886,909,1,1,0,0
3,4,2013-07-18,9098,927,1,1,0,0
3,5,2013-07-19,9174,926,1,1,0,0
3,6,2013-07-20,4392,484,1,0,0,0
3,7,2013-07-21,0,0,0,0,0,0
3,1,2013-07-22,5152,640,1,0,0,1
3,2,2013-07-23,5723,656,1,0,0,1
3,3,2013-07-24,5430,659,1,0,0,1
3,4,2013-07-25,5936,717,1,0,0,1
3,5,2013-07-26,5283,656,1,0,0,1
3,6,2013-07-27,3845,433,1,0,0,0
3,7,2013-07-28,0,0,0,0,0,0
3,1,2013-07-29,10853,965,1,1,0,1
3,2,2013-07-30,10451,958,1,1,0,1
3,3,2013-07-31,10895,1036,1,1,0,1
3,4,2013-08-01,8738,893,1,1,0,1
3,5,2013-08-02,7610,748,1,1,0,1
3,6,2013-08-03,4546,532,1,0,0,0
3,7,2013-08-04,0,0,0,0,0,0
3,1,2013-08-05,5991,748,1,0,0,1
3,2,2013-08-06,6166,737,1,0,0,1
3,3,2013-08-07,5982,716,1,0,0,1
3,4,2013-08-08,5916,684,1,0,0,1
3,5,2013-08-09,5991,705,1,0,0,1
3,6,2013-08-10,3883,427,1,0,0,0
3,7,2013-08-11,0,0,0,0,0,0
3,1,2013-08-12,10962,1006,1,1,0,1
3,2,2013-08-13,10004,1007,1,1,0,1
3,3,2013-08-14,8452,844,1,1,0,1
3,4,2013-08-15,8369,867,1,1,0,1
3,5,2013-08-16,7585,850,1,1,0,1
3,6,2013-08-17,3242,421,1,0,0,0
3,7,2013-08-18,0,0,0,0,0,0
3,1,2013-08-19,4369,539,1,0,0,1
3,2,2013-08-20,5290,671,1,0,0,1
3,3,2013-08-21,5070,673,1,0,0,1
3,4,2013-08-22,5225,670,1,0,0,1
3,5,2013-08-23,4692,633,1,0,0,1
3,6,2013-08-24,3525,427,1,0,0,0
3,7,2013-08-25,0,0,0,0,0,0
3,1,2013-08-26,9613,948,1,1,0,1
3,2,2013-08-27,8893,914,1,1,0,1
3,3,2013-08-28,8266,871,1,1,0,1
3,4,2013-08-29,7384,823,1,1,0,1
3,5,2013-08-30,8954,909,1,1,0,1
3,6,2013-08-31,3584,448,1,0,0,0
3,7,2013-09-01,0,0,0,0,0,0
3,1,2013-09-02,5625,720,1,0,0,1
3,2,2013-09-03,5847,739,1,0,0,1
3,3,2013-09-04,6116,750,1,0,0,0
3,4,2013-09-05,4921,641,1,0,0,0
3,5,2013-09-06,4750,635,1,0,0,0
3,6,2013-09-07,3661,444,1,0,0,0
3,7,2013-09-08,0,0,0,0,0,0
3,1,2013-09-09,11058,995,1,1,0,0
3,2,2013-09-10,8361,774,1,1,0,0
3,3,2013-09-11,8568,796,1,1,0,0
3,4,2013-09-12,8774,876,1,1,0,0
3,5,2013-09-13,8610,893,1,1,0,0
3,6,2013-09-14,3537,393,1,0,0,0
3,7,2013-09-15,0,0,0,0,0,0
3,1,2013-09-16,5391,692,1,0,0,0
3,2,2013-09-17,5517,725,1,0,0,0
3,3,2013-09-18,5378,681,1,0,0,0
3,4,2013-09-19,5120,672,1,0,0,0
3,5,2013-09-20,5426,669,1,0,0,0
3,6,2013-09-21,3554,461,1,0,0,0
3,7,2013-09-22,0,0,0,0,0,0
3,1,2013-09-23,9002,885,1,1,0,0
3,2,2013-09-24,8376,893,1,1,0,0
3,3,2013-09-25,7475,812,1,1,0,0
3,4,2013-09-26,7003,759,1,1,0,0
3,5,2013-09-27,8387,845,1,1,0,0
3,6,2013-09-28,3845,444,1,0,0,0
3,7,2013-09-29,0,0,0,0,0,0
3,1,2013-09-30,8988,945,1,0,0,0
3,2,2013-10-01,5903,743,1,0,0,0
3,3,2013-10-02,6045,765,1,0,0,0
3,4,2013-10-03,0,0,0,0,a,0
3,5,2013-10-04,8093,888,1,0,0,0
3,6,2013-10-05,4802,555,1,0,0,0
3,7,2013-10-06,0,0,0,0,0,0
3,1,2013-10-07,10779,940,1,1,0,0
3,2,2013-10-08,9269,885,1,1,0,0
3,3,2013-10-09,8250,817,1,1,0,0
3,4,2013-10-10,8711,913,1,1,0,0
3,5,2013-10-11,7076,700,1,1,0,0
3,6,2013-10-12,4076,460,1,0,0,0
3,7,2013-10-13,0,0,0,0,0,0
3,1,2013-10-14,5982,757,1,0,0,0
3,2,2013-10-15,5598,705,1,0,0,0
3,3,2013-10-16,5563,710,1,0,0,0
3,4,2013-10-17,5261,678,1,0,0,0
3,5,2013-10-18,5684,724,1,0,0,0
3,6,2013-10-19,3568,418,1,0,0,0
3,7,2013-10-20,0,0,0,0,0,0
3,1,2013-10-21,9712,969,1,1,0,1
3,2,2013-10-22,8058,831,1,1,0,1
3,3,2013-10-23,7839,834,1,1,0,1
3,4,2013-10-24,7163,784,1,1,0,1
3,5,2013-10-25,6614,764,1,1,0,1
3,6,2013-10-26,2936,413,1,0,0,0
3,7,2013-10-27,0,0,0,0,0,0
3,1,2013-10-28,4025,491,1,0,0,1
3,2,2013-10-29,4838,634,1,0,0,1
3,3,2013-10-30,5900,683,1,0,0,1
3,4,2013-10-31,6532,802,1,0,0,1
3,5,2013-11-01,0,0,0,0,a,1
3,6,2013-11-02,6359,641,1,0,0,0
3,7,2013-11-03,0,0,0,0,0,0
3,1,2013-11-04,9119,832,1,1,0,0
3,2,2013-11-05,10275,984,1,1,0,0
3,3,2013-11-06,8378,833,1,1,0,0
3,4,2013-11-07,7662,786,1,1,0,0
3,5,2013-11-08,7958,857,1,1,0,0
3,6,2013-11-09,4305,491,1,0,0,0
3,7,2013-11-10,0,0,0,0,0,0
3,1,2013-11-11,5084,661,1,0,0,0
3,2,2013-11-12,5267,678,1,0,0,0
3,3,2013-11-13,5530,713,1,0,0,0
3,4,2013-11-14,5240,685,1,0,0,0
3,5,2013-11-15,5919,742,1,0,0,0
3,6,2013-11-16,3893,451,1,0,0,0
3,7,2013-11-17,0,0,0,0,0,0
3,1,2013-11-18,9719,932,1,1,0,0
3,2,2013-11-19,8865,902,1,1,0,0
3,3,2013-11-20,8573,867,1,1,0,0
3,4,2013-11-21,7630,824,1,1,0,0
3,5,2013-11-22,7697,807,1,1,0,0
3,6,2013-11-23,4109,486,1,0,0,0
3,7,2013-11-24,0,0,0,0,0,0
3,1,2013-11-25,5968,734,1,0,0,0
3,2,2013-11-26,5880,733,1,0,0,0
3,3,2013-11-27,5942,666,1,0,0,0
3,4,2013-11-28,6096,797,1,0,0,0
3,5,2013-11-29,7152,795,1,0,0,0
3,6,2013-11-30,6960,759,1,0,0,0
3,7,2013-12-01,0,0,0,0,0,0
3,1,2013-12-02,12144,1097,1,1,0,0
3,2,2013-12-03,10485,1039,1,1,0,0
3,3,2013-12-04,9624,948,1,1,0,0
3,4,2013-12-05,7872,727,1,1,0,0
3,5,2013-12-06,8300,859,1,1,0,0
3,6,2013-12-07,7151,886,1,0,0,0
3,7,2013-12-08,0,0,0,0,0,0
3,1,2013-12-09,5478,716,1,0,0,0
3,2,2013-12-10,6595,841,1,0,0,0
3,3,2013-12-11,7577,887,1,0,0,0
3,4,2013-12-12,6921,850,1,0,0,0
3,5,2013-12-13,7146,877,1,0,0,0
3,6,2013-12-14,6688,721,1,0,0,0
3,7,2013-12-15,0,0,0,0,0,0
3,1,2013-12-16,14647,1282,1,1,0,0
3,2,2013-12-17,14555,1284,1,1,0,0
3,3,2013-12-18,12564,1198,1,1,0,0
3,4,2013-12-19,10463,1105,1,1,0,0
3,5,2013-12-20,12352,1227,1,1,0,0
3,6,2013-12-21,8215,997,1,0,0,0
3,7,2013-12-22,0,0,0,0,0,0
3,1,2013-12-23,14461,1579,1,0,0,1
3,2,2013-12-24,4460,625,1,0,0,1
3,3,2013-12-25,0,0,0,0,c,1
3,4,2013-12-26,0,0,0,0,c,1
3,5,2013-12-27,8158,966,1,0,0,1
3,6,2013-12-28,3927,420,1,0,0,0
3,7,2013-12-29,0,0,0,0,0,0
3,1,2013-12-30,10503,1165,1,0,0,1
3,2,2013-12-31,4081,463,1,0,0,1
3,3,2014-01-01,0,0,0,0,a,1
3,4,2014-01-02,5703,690,1,0,0,1
3,5,2014-01-03,6821,766,1,0,0,1
3,6,2014-01-04,4727,537,1,0,0,0
3,7,2014-01-05,0,0,0,0,0,0
3,1,2014-01-06,11326,946,1,1,0,1
3,2,2014-01-07,11215,990,1,1,0,1
3,3,2014-01-08,8242,794,1,1,0,0
3,4,2014-01-09,7081,743,1,1,0,0
3,5,2014-01-10,9242,902,1,1,0,0
3,6,2014-01-11,4397,482,1,0,0,0
3,7,2014-01-12,0,0,0,0,0,0
3,1,2014-01-13,5420,682,1,0,0,0
3,2,2014-01-14,4934,648,1,0,0,0
3,3,2014-01-15,5163,665,1,0,0,0
3,4,2014-01-16,5395,681,1,0,0,0
3,5,2014-01-17,5115,660,1,0,0,0
3,6,2014-01-18,4232,449,1,0,0,0
3,7,2014-01-19,0,0,0,0,0,0
3,1,2014-01-20,10251,943,1,1,0,0
3,2,2014-01-21,9246,850,1,1,0,0
3,3,2014-01-22,9642,1006,1,1,0,0
3,4,2014-01-23,7857,799,1,1,0,0
3,5,2014-01-24,6981,748,1,1,0,0
3,6,2014-01-25,3416,440,1,0,0,0
3,7,2014-01-26,0,0,0,0,0,0
3,1,2014-01-27,4602,633,1,0,0,0
3,2,2014-01-28,4816,630,1,0,0,0
3,3,2014-01-29,4887,628,1,0,0,0
3,4,2014-01-30,5219,658,1,0,0,0
3,5,2014-01-31,8097,812,1,0,0,0
3,6,2014-02-01,4968,499,1,0,0,0
3,7,2014-02-02,0,0,0,0,0,0
3,1,2014-02-03,11861,1030,1,1,0,0
3,2,2014-02-04,10084,914,1,1,0,0
3,3,2014-02-05,8124,834,1,1,0,0
3,4,2014-02-06,7920,828,1,1,0,0
3,5,2014-02-07,7198,767,1,1,0,0
3,6,2014-02-08,4369,457,1,0,0,0
3,7,2014-02-09,0,0,0,0,0,0
3,1,2014-02-10,5396,737,1,0,0,0
3,2,2014-02-11,4877,662,1,0,0,0
3,3,2014-02-12,5675,710,1,0,0,0
3,4,2014-02-13,5132,684,1,0,0,0
3,5,2014-02-14,6213,753,1,0,0,0
3,6,2014-02-15,3793,415,1,0,0,0
3,7,2014-02-16,0,0,0,0,0,0
3,1,2014-02-17,10020,989,1,1,0,0
3,2,2014-02-18,8382,843,1,1,0,0
3,3,2014-02-19,8156,812,1,1,0,0
3,4,2014-02-20,6798,766,1,1,0,0
3,5,2014-02-21,7511,799,1,1,0,0
3,6,2014-02-22,4082,475,1,0,0,0
3,7,2014-02-23,0,0,0,0,0,0
3,1,2014-02-24,5141,672,1,0,0,0
3,2,2014-02-25,4858,680,1,0,0,0
3,3,2014-02-26,4580,640,1,0,0,0
3,4,2014-02-27,5324,684,1,0,0,0
3,5,2014-02-28,6792,786,1,0,0,0
3,6,2014-03-01,4718,539,1,0,0,0
3,7,2014-03-02,0,0,0,0,0,0
3,1,2014-03-03,11091,1032,1,1,0,0
3,2,2014-03-04,9520,901,1,1,0,0
3,3,2014-03-05,8867,878,1,1,0,0
3,4,2014-03-06,8140,835,1,1,0,0
3,5,2014-03-07,8321,861,1,1,0,0
3,6,2014-03-08,3407,426,1,0,0,0
3,7,2014-03-09,0,0,0,0,0,0
3,1,2014-03-10,4928,703,1,0,0,0
3,2,2014-03-11,5412,684,1,0,0,0
3,3,2014-03-12,4951,649,1,0,0,0
3,4,2014-03-13,4918,719,1,0,0,0
3,5,2014-03-14,6245,705,1,0,0,0
3,6,2014-03-15,4255,448,1,0,0,0
3,7,2014-03-16,0,0,0,0,0,0
3,1,2014-03-17,9154,908,1,1,0,0
3,2,2014-03-18,9011,867,1,1,0,0
3,3,2014-03-19,8417,843,1,1,0,0
3,4,2014-03-20,7390,796,1,1,0,0
3,5,2014-03-21,6765,711,1,1,0,0
3,6,2014-03-22,4389,470,1,0,0,0
3,7,2014-03-23,0,0,0,0,0,0
3,1,2014-03-24,5248,696,1,0,0,0
3,2,2014-03-25,5207,692,1,0,0,0
3,3,2014-03-26,5158,634,1,0,0,0
3,4,2014-03-27,4969,635,1,0,0,0
3,5,2014-03-28,6194,737,1,0,0,0
3,6,2014-03-29,4200,466,1,0,0,0
3,7,2014-03-30,0,0,0,0,0,0
3,1,2014-03-31,13588,1161,1,1,0,0
3,2,2014-04-01,6800,804,1,1,0,0
3,3,2014-04-02,7481,791,1,1,0,0
3,4,2014-04-03,7477,838,1,1,0,0
3,5,2014-04-04,7562,827,1,1,0,0
3,6,2014-04-05,3904,434,1,0,0,0
3,7,2014-04-06,0,0,0,0,0,0
3,1,2014-04-07,5121,671,1,0,0,0
3,2,2014-04-08,5218,628,1,0,0,0
3,3,2014-04-09,5389,655,1,0,0,0
3,4,2014-04-10,5683,700,1,0,0,0
3,5,2014-04-11,6169,696,1,0,0,0
3,6,2014-04-12,3795,430,1,0,0,0
3,7,2014-04-13,0,0,0,0,0,0
3,1,2014-04-14,10103,930,1,1,0,1
3,2,2014-04-15,10021,951,1,1,0,1
3,3,2014-04-16,9311,954,1,1,0,1
3,4,2014-04-17,8309,946,1,1,0,1
3,5,2014-04-18,0,0,0,1,b,1
3,6,2014-04-19,5794,690,1,0,0,0
3,7,2014-04-20,0,0,0,0,0,0
3,1,2014-04-21,0,0,0,0,b,1
3,2,2014-04-22,6172,782,1,0,0,1
3,3,2014-04-23,5561,684,1,0,0,1
3,4,2014-04-24,5389,684,1,0,0,1
3,5,2014-04-25,5241,673,1,0,0,1
3,6,2014-04-26,3906,443,1,0,0,0
3,7,2014-04-27,0,0,0,0,0,0
3,1,2014-04-28,9500,934,1,1,0,0
3,2,2014-04-29,8455,874,1,1,0,0
3,3,2014-04-30,10482,1015,1,1,0,0
3,4,2014-05-01,0,0,0,1,a,0
3,5,2014-05-02,10994,1066,1,1,0,0
3,6,2014-05-03,4950,557,1,0,0,0
3,7,2014-05-04,0,0,0,0,0,0
3,1,2014-05-05,9327,926,1,1,0,0
3,2,2014-05-06,8925,891,1,1,0,0
3,3,2014-05-07,8435,855,1,1,0,0
3,4,2014-05-08,7396,796,1,1,0,0
3,5,2014-05-09,7499,802,1,1,0,0
3,6,2014-05-10,5868,720,1,0,0,0
3,7,2014-05-11,0,0,0,0,0,0
3,1,2014-05-12,4367,594,1,0,0,0
3,2,2014-05-13,6174,720,1,0,0,0
3,3,2014-05-14,5142,668,1,0,0,0
3,4,2014-05-15,5190,672,1,0,0,0
3,5,2014-05-16,5744,711,1,0,0,0
3,6,2014-05-17,3485,444,1,0,0,0
3,7,2014-05-18,0,0,0,0,0,0
3,1,2014-05-19,9011,902,1,1,0,0
3,2,2014-05-20,7828,869,1,1,0,0
3,3,2014-05-21,7139,769,1,1,0,0
3,4,2014-05-22,6899,753,1,1,0,0
3,5,2014-05-23,6619,710,1,1,0,0
3,6,2014-05-24,4236,470,1,0,0,0
3,7,2014-05-25,0,0,0,0,0,0
3,1,2014-05-26,5458,702,1,0,0,0
3,2,2014-05-27,4651,587,1,0,0,0
3,3,2014-05-28,4925,619,1,0,0,0
3,4,2014-05-29,0,0,0,0,a,0
3,5,2014-05-30,8510,965,1,0,0,0
3,6,2014-05-31,4725,514,1,0,0,0
3,7,2014-06-01,0,0,0,0,0,0
3,1,2014-06-02,10912,1011,1,1,0,0
3,2,2014-06-03,9614,919,1,1,0,0
3,3,2014-06-04,7768,812,1,1,0,0
3,4,2014-06-05,8018,817,1,1,0,0
3,5,2014-06-06,8015,818,1,1,0,0
3,6,2014-06-07,4903,571,1,0,0,0
3,7,2014-06-08,0,0,0,0,0,0
3,1,2014-06-09,0,0,0,0,a,0
3,2,2014-06-10,5831,731,1,0,0,1
3,3,2014-06-11,5947,684,1,0,0,0
3,4,2014-06-12,6889,782,1,0,0,0
3,5,2014-06-13,6343,727,1,0,0,0
3,6,2014-06-14,4517,475,1,0,0,0
3,7,2014-06-15,0,0,0,0,0,0
3,1,2014-06-16,10299,920,1,1,0,0
3,2,2014-06-17,10249,977,1,1,0,0
3,3,2014-06-18,9218,879,1,1,0,0
3,4,2014-06-19,0,0,0,1,a,0
3,5,2014-06-20,9752,962,1,1,0,0
3,6,2014-06-21,4208,469,1,0,0,0
3,7,2014-06-22,0,0,0,0,0,0
3,1,2014-06-23,5182,683,1,0,0,0
3,2,2014-06-24,5599,660,1,0,0,0
3,3,2014-06-25,5618,705,1,0,0,0
3,4,2014-06-26,5766,662,1,0,0,0
3,5,2014-06-27,5162,623,1,0,0,0
3,6,2014-06-28,5802,635,1,0,0,0
3,7,2014-06-29,0,0,0,0,0,0
3,1,2014-06-30,15689,1193,1,1,0,0
3,2,2014-07-01,8373,866,1,1,0,0
3,3,2014-07-02,8646,874,1,1,0,0
3,4,2014-07-03,8883,920,1,1,0,0
3,5,2014-07-04,7585,812,1,1,0,0
3,6,2014-07-05,4763,529,1,0,0,0
3,7,2014-07-06,0,0,0,0,0,0
3,1,2014-07-07,6884,784,1,0,0,1
3,2,2014-07-08,5039,609,1,0,0,1
3,3,2014-07-09,5006,571,1,0,0,1
3,4,2014-07-10,6701,704,1,0,0,1
3,5,2014-07-11,6441,715,1,0,0,1
3,6,2014-07-12,4098,435,1,0,0,0
3,7,2014-07-13,0,0,0,0,0,0
3,1,2014-07-14,8761,831,1,1,0,1
3,2,2014-07-15,9153,864,1,1,0,1
3,3,2014-07-16,8036,833,1,1,0,1
3,4,2014-07-17,7874,808,1,1,0,1
3,5,2014-07-18,6751,704,1,1,0,1
3,6,2014-07-19,3251,394,1,0,0,0
3,7,2014-07-20,0,0,0,0,0,0
3,1,2014-07-21,5884,652,1,0,0,1
3,2,2014-07-22,6267,675,1,0,0,1
3,3,2014-07-23,5553,643,1,0,0,1
3,4,2014-07-24,5139,603,1,0,0,1
3,5,2014-07-25,4346,562,1,0,0,1
3,6,2014-07-26,4132,449,1,0,0,0
3,7,2014-07-27,0,0,0,0,0,0
3,1,2014-07-28,8778,787,1,1,0,1
3,2,2014-07-29,7497,740,1,1,0,1
3,3,2014-07-30,8399,809,1,1,0,1
3,4,2014-07-31,8891,877,1,1,0,1
3,5,2014-08-01,7893,787,1,1,0,1
3,6,2014-08-02,4157,466,1,0,0,0
3,7,2014-08-03,0,0,0,0,0,0
3,1,2014-08-04,9055,891,1,1,0,1
3,2,2014-08-05,8714,868,1,1,0,1
3,3,2014-08-06,7499,798,1,1,0,1
3,4,2014-08-07,8010,827,1,1,0,1
3,5,2014-08-08,6763,760,1,1,0,1
3,6,2014-08-09,3131,408,1,0,0,0
3,7,2014-08-10,0,0,0,0,0,0
3,1,2014-08-11,6114,757,1,0,0,1
3,2,2014-08-12,5431,696,1,0,0,1
3,3,2014-08-13,6051,753,1,0,0,1
3,4,2014-08-14,5668,702,1,0,0,1
3,5,2014-08-15,5156,677,1,0,0,1
3,6,2014-08-16,3216,404,1,0,0,0
3,7,2014-08-17,0,0,0,0,0,0
3,1,2014-08-18,9258,888,1,1,0,1
3,2,2014-08-19,8854,884,1,1,0,1
3,3,2014-08-20,7661,839,1,1,0,0
3,4,2014-08-21,6933,768,1,1,0,0
3,5,2014-08-22,6610,752,1,1,0,0
3,6,2014-08-23,3698,457,1,0,0,0
3,7,2014-08-24,0,0,0,0,0,0
3,1,2014-08-25,5393,703,1,0,0,0
3,2,2014-08-26,5666,690,1,0,0,0
3,3,2014-08-27,5055,658,1,0,0,0
3,4,2014-08-28,5452,714,1,0,0,0
3,5,2014-08-29,6889,750,1,0,0,0
3,6,2014-08-30,4322,475,1,0,0,0
3,7,2014-08-31,0,0,0,0,0,0
3,1,2014-09-01,10679,962,1,1,0,0
3,2,2014-09-02,8989,863,1,1,0,0
3,3,2014-09-03,8659,843,1,1,0,0
3,4,2014-09-04,7659,796,1,1,0,0
3,5,2014-09-05,6564,686,1,1,0,0
3,6,2014-09-06,3562,439,1,0,0,0
3,7,2014-09-07,0,0,0,0,0,0
3,1,2014-09-08,6061,714,1,0,0,0
3,2,2014-09-09,5978,732,1,0,0,0
3,3,2014-09-10,5164,659,1,0,0,0
3,4,2014-09-11,5389,724,1,0,0,0
3,5,2014-09-12,5665,705,1,0,0,0
3,6,2014-09-13,3737,439,1,0,0,0
3,7,2014-09-14,0,0,0,0,0,0
3,1,2014-09-15,10098,977,1,1,0,0
3,2,2014-09-16,8607,879,1,1,0,0
3,3,2014-09-17,8034,795,1,1,0,0
3,4,2014-09-18,7563,775,1,1,0,0
3,5,2014-09-19,7729,803,1,1,0,0
3,6,2014-09-20,3574,398,1,0,0,0
3,7,2014-09-21,0,0,0,0,0,0
3,1,2014-09-22,4658,583,1,0,0,0
3,2,2014-09-23,5026,696,1,0,0,0
3,3,2014-09-24,4620,636,1,0,0,0
3,4,2014-09-25,4575,628,1,0,0,0
3,5,2014-09-26,4853,658,1,0,0,0
3,6,2014-09-27,3846,431,1,0,0,0
3,7,2014-09-28,0,0,0,0,0,0
3,1,2014-09-29,10066,960,1,1,0,0
3,2,2014-09-30,12260,1084,1,1,0,0
3,3,2014-10-01,8331,851,1,1,0,0
3,4,2014-10-02,8565,937,1,1,0,0
3,5,2014-10-03,0,0,0,1,a,0
3,6,2014-10-04,5420,622,1,0,0,0
3,7,2014-10-05,0,0,0,0,0,0
3,1,2014-10-06,10598,982,1,1,0,1
3,2,2014-10-07,7699,742,1,1,0,1
3,3,2014-10-08,8472,842,1,1,0,1
3,4,2014-10-09,7206,759,1,1,0,1
3,5,2014-10-10,7448,802,1,1,0,1
3,6,2014-10-11,3697,420,1,0,0,0
3,7,2014-10-12,0,0,0,0,0,0
3,1,2014-10-13,5035,673,1,0,0,1
3,2,2014-10-14,5114,694,1,0,0,1
3,3,2014-10-15,5008,639,1,0,0,1
3,4,2014-10-16,5271,652,1,0,0,1
3,5,2014-10-17,5485,656,1,0,0,1
3,6,2014-10-18,3367,424,1,0,0,0
3,7,2014-10-19,0,0,0,0,0,0
3,1,2014-10-20,8266,814,1,1,0,0
3,2,2014-10-21,6855,700,1,1,0,0
3,3,2014-10-22,7380,738,1,1,0,0
3,4,2014-10-23,7177,788,1,1,0,0
3,5,2014-10-24,6251,757,1,1,0,0
3,6,2014-10-25,3266,421,1,0,0,0
3,7,2014-10-26,0,0,0,0,0,0
3,1,2014-10-27,4848,684,1,0,0,0
3,2,2014-10-28,4745,636,1,0,0,0
3,3,2014-10-29,4716,597,1,0,0,0
3,4,2014-10-30,5357,711,1,0,0,0
3,5,2014-10-31,6788,823,1,0,0,0
3,6,2014-11-01,0,0,0,0,a,0
3,7,2014-11-02,0,0,0,0,0,0
3,1,2014-11-03,10855,1005,1,1,0,0
3,2,2014-11-04,9863,940,1,1,0,0
3,3,2014-11-05,9172,892,1,1,0,0
3,4,2014-11-06,8072,832,1,1,0,0
3,5,2014-11-07,8091,840,1,1,0,0
3,6,2014-11-08,4055,477,1,0,0,0
3,7,2014-11-09,0,0,0,0,0,0
3,1,2014-11-10,8533,831,1,1,0,0
3,2,2014-11-11,8708,879,1,1,0,0
3,3,2014-11-12,7839,809,1,1,0,0
3,4,2014-11-13,7560,800,1,1,0,0
3,5,2014-11-14,7836,778,1,1,0,0
3,6,2014-11-15,4397,515,1,0,0,0
3,7,2014-11-16,0,0,0,0,0,0
3,1,2014-11-17,5935,718,1,0,0,0
3,2,2014-11-18,5195,659,1,0,0,0
3,3,2014-11-19,5490,684,1,0,0,0
3,4,2014-11-20,6019,734,1,0,0,0
3,5,2014-11-21,5865,737,1,0,0,0
3,6,2014-11-22,3989,467,1,0,0,0
3,7,2014-11-23,0,0,0,0,0,0
3,1,2014-11-24,8886,855,1,1,0,0
3,2,2014-11-25,8577,875,1,1,0,0
3,3,2014-11-26,8397,837,1,1,0,0
3,4,2014-11-27,8508,896,1,1,0,0
3,5,2014-11-28,9700,953,1,1,0,0
3,6,2014-11-29,6702,723,1,0,0,0
3,7,2014-11-30,0,0,0,0,0,0
3,1,2014-12-01,10369,962,1,1,0,0
3,2,2014-12-02,9044,932,1,1,0,0
3,3,2014-12-03,9694,962,1,1,0,0
3,4,2014-12-04,8766,935,1,1,0,0
3,5,2014-12-05,10190,1096,1,1,0,0
3,6,2014-12-06,7669,947,1,0,0,0
3,7,2014-12-07,0,0,0,0,0,0
3,1,2014-12-08,5792,738,1,0,0,0
3,2,2014-12-09,6446,785,1,0,0,0
3,3,2014-12-10,5256,635,1,0,0,0
3,4,2014-12-11,6363,723,1,0,0,0
3,5,2014-12-12,5481,604,1,0,0,0
3,6,2014-12-13,6621,775,1,0,0,0
3,7,2014-12-14,0,0,0,0,0,0
3,1,2014-12-15,13472,1115,1,1,0,0
3,2,2014-12-16,13072,1204,1,1,0,0
3,3,2014-12-17,10510,917,1,1,0,0
3,4,2014-12-18,11617,1121,1,1,0,0
3,5,2014-12-19,9598,957,1,1,0,0
3,6,2014-12-20,8094,839,1,0,0,0
3,7,2014-12-21,0,0,0,0,0,0
3,1,2014-12-22,11282,1209,1,0,0,1
3,2,2014-12-23,12121,1352,1,0,0,1
3,3,2014-12-24,4310,582,1,0,0,1
3,4,2014-12-25,0,0,0,0,c,1
3,5,2014-12-26,0,0,0,0,c,1
3,6,2014-12-27,4825,569,1,0,0,0
3,7,2014-12-28,0,0,0,0,0,0
3,1,2014-12-29,8788,941,1,0,0,1
3,2,2014-12-30,8376,957,1,0,0,1
3,3,2014-12-31,3804,408,1,0,0,1
3,4,2015-01-01,0,0,0,0,a,1
3,5,2015-01-02,5523,698,1,0,0,1
3,6,2015-01-03,4299,507,1,0,0,0
3,7,2015-01-04,0,0,0,0,0,0
3,1,2015-01-05,10684,946,1,1,0,1
3,2,2015-01-06,8739,869,1,1,0,1
3,3,2015-01-07,7253,754,1,1,0,0
3,4,2015-01-08,6300,684,1,1,0,0
3,5,2015-01-09,7719,733,1,1,0,0
3,6,2015-01-10,3373,391,1,0,0,0
3,7,2015-01-11,0,0,0,0,0,0
3,1,2015-01-12,8209,814,1,1,0,0
3,2,2015-01-13,7464,717,1,1,0,0
3,3,2015-01-14,7417,746,1,1,0,0
3,4,2015-01-15,6578,721,1,1,0,0
3,5,2015-01-16,8497,865,1,1,0,0
3,6,2015-01-17,4610,492,1,0,0,0
3,7,2015-01-18,0,0,0,0,0,0
3,1,2015-01-19,5420,703,1,0,0,0
3,2,2015-01-20,4848,645,1,0,0,0
3,3,2015-01-21,5024,651,1,0,0,0
3,4,2015-01-22,4677,595,1,0,0,0
3,5,2015-01-23,5701,672,1,0,0,0
3,6,2015-01-24,3452,381,1,0,0,0
3,7,2015-01-25,0,0,0,0,0,0
3,1,2015-01-26,8055,765,1,1,0,0
3,2,2015-01-27,8292,893,1,1,0,0
3,3,2015-01-28,6883,722,1,1,0,0
3,4,2015-01-29,7485,738,1,1,0,0
3,5,2015-01-30,6911,678,1,1,0,0
3,6,2015-01-31,4382,484,1,0,0,0
3,7,2015-02-01,0,0,0,0,0,0
3,1,2015-02-02,9922,951,1,1,0,0
3,2,2015-02-03,8950,895,1,1,0,0
3,3,2015-02-04,8155,816,1,1,0,0
3,4,2015-02-05,7195,796,1,1,0,0
3,5,2015-02-06,7920,811,1,1,0,0
3,6,2015-02-07,4781,549,1,0,0,0
3,7,2015-02-08,0,0,0,0,0,0
3,1,2015-02-09,5027,643,1,0,0,0
3,2,2015-02-10,5333,685,1,0,0,0
3,3,2015-02-11,6116,710,1,0,0,0
3,4,2015-02-12,5179,666,1,0,0,0
3,5,2015-02-13,6018,765,1,0,0,0
3,6,2015-02-14,4221,498,1,0,0,0
3,7,2015-02-15,0,0,0,0,0,0
3,1,2015-02-16,9914,934,1,1,0,0
3,2,2015-02-17,7895,789,1,1,0,0
3,3,2015-02-18,7862,784,1,1,0,0
3,4,2015-02-19,7248,791,1,1,0,0
3,5,2015-02-20,7204,742,1,1,0,0
3,6,2015-02-21,3419,396,1,0,0,0
3,7,2015-02-22,0,0,0,0,0,0
3,1,2015-02-23,5354,645,1,0,0,0
3,2,2015-02-24,4982,669,1,0,0,0
3,3,2015-02-25,4650,629,1,0,0,0
3,4,2015-02-26,5978,719,1,0,0,0
3,5,2015-02-27,5640,693,1,0,0,0
3,6,2015-02-28,4574,482,1,0,0,0
3,7,2015-03-01,0,0,0,0,0,0
3,1,2015-03-02,10970,974,1,1,0,0
3,2,2015-03-03,8615,817,1,1,0,0
3,3,2015-03-04,7651,768,1,1,0,0
3,4,2015-03-05,7784,833,1,1,0,0
3,5,2015-03-06,8057,829,1,1,0,0
3,6,2015-03-07,4525,544,1,0,0,0
3,7,2015-03-08,0,0,0,0,0,0
3,1,2015-03-09,5430,673,1,0,0,0
3,2,2015-03-10,5223,677,1,0,0,0
3,3,2015-03-11,5302,651,1,0,0,0
3,4,2015-03-12,5725,693,1,0,0,0
3,5,2015-03-13,5831,688,1,0,0,0
3,6,2015-03-14,4189,464,1,0,0,0
3,7,2015-03-15,0,0,0,0,0,0
3,1,2015-03-16,8998,869,1,1,0,0
3,2,2015-03-17,8154,857,1,1,0,0
3,3,2015-03-18,8626,839,1,1,0,0
3,4,2015-03-19,6947,760,1,1,0,0
3,5,2015-03-20,6971,724,1,1,0,0
3,6,2015-03-21,3494,399,1,0,0,0
3,7,2015-03-22,0,0,0,0,0,0
3,1,2015-03-23,5400,668,1,0,0,0
3,2,2015-03-24,5256,670,1,0,0,0
3,3,2015-03-25,5538,679,1,0,0,0
3,4,2015-03-26,6105,695,1,0,0,0
3,5,2015-03-27,5216,625,1,0,0,0
3,6,2015-03-28,4247,464,1,0,0,0
3,7,2015-03-29,0,0,0,0,0,0
3,1,2015-03-30,11282,933,1,1,0,1
3,2,2015-03-31,11299,862,1,1,0,1
3,3,2015-04-01,8546,853,1,1,0,1
3,4,2015-04-02,8716,920,1,1,0,1
3,5,2015-04-03,0,0,0,1,b,1
3,6,2015-04-04,7123,778,1,0,0,0
3,7,2015-04-05,0,0,0,0,0,0
3,1,2015-04-06,0,0,0,0,b,1
3,2,2015-04-07,6830,814,1,0,0,1
3,3,2015-04-08,6253,722,1,0,0,1
3,4,2015-04-09,6185,753,1,0,0,1
3,5,2015-04-10,6343,716,1,0,0,1
3,6,2015-04-11,4008,432,1,0,0,0
3,7,2015-04-12,0,0,0,0,0,0
3,1,2015-04-13,9563,842,1,1,0,0
3,2,2015-04-14,9274,904,1,1,0,0
3,3,2015-04-15,8651,851,1,1,0,0
3,4,2015-04-16,8336,828,1,1,0,0
3,5,2015-04-17,7735,824,1,1,0,0
3,6,2015-04-18,3772,457,1,0,0,0
3,7,2015-04-19,0,0,0,0,0,0
3,1,2015-04-20,5238,661,1,0,0,0
3,2,2015-04-21,5756,678,1,0,0,0
3,3,2015-04-22,5875,685,1,0,0,0
3,4,2015-04-23,5570,677,1,0,0,0
3,5,2015-04-24,5376,658,1,0,0,0
3,6,2015-04-25,4373,473,1,0,0,0
3,7,2015-04-26,0,0,0,0,0,0
3,1,2015-04-27,9447,866,1,1,0,0
3,2,2015-04-28,8758,870,1,1,0,0
3,3,2015-04-29,9484,897,1,1,0,0
3,4,2015-04-30,9971,979,1,1,0,0
3,5,2015-05-01,0,0,0,1,a,0
3,6,2015-05-02,6564,674,1,0,0,0
3,7,2015-05-03,0,0,0,0,0,0
3,1,2015-05-04,9488,928,1,1,0,0
3,2,2015-05-05,8719,818,1,1,0,0
3,3,2015-05-06,9046,877,1,1,0,0
3,4,2015-05-07,7705,800,1,1,0,0
3,5,2015-05-08,9083,891,1,1,0,0
3,6,2015-05-09,6024,743,1,0,0,0
3,7,2015-05-10,0,0,0,0,0,0
3,1,2015-05-11,5797,714,1,0,0,0
3,2,2015-05-12,6043,707,1,0,0,0
3,3,2015-05-13,7003,772,1,0,0,0
3,4,2015-05-14,0,0,0,0,a,0
3,5,2015-05-15,7515,865,1,0,0,0
3,6,2015-05-16,4149,464,1,0,0,0
3,7,2015-05-17,0,0,0,0,0,0
3,1,2015-05-18,10040,919,1,1,0,0
3,2,2015-05-19,8728,871,1,1,0,0
3,3,2015-05-20,8226,798,1,1,0,0
3,4,2015-05-21,7682,776,1,1,0,0
3,5,2015-05-22,7349,769,1,1,0,0
3,6,2015-05-23,4613,485,1,0,0,0
3,7,2015-05-24,0,0,0,0,0,0
3,1,2015-05-25,0,0,0,0,a,0
3,2,2015-05-26,6443,738,1,0,0,1
3,3,2015-05-27,5589,644,1,0,0,0
3,4,2015-05-28,6475,677,1,0,0,0
3,5,2015-05-29,7421,793,1,0,0,0
3,6,2015-05-30,4542,458,1,0,0,0
3,7,2015-05-31,0,0,0,0,0,0
3,1,2015-06-01,11594,1012,1,1,0,0
3,2,2015-06-02,10455,978,1,1,0,0
3,3,2015-06-03,9590,918,1,1,0,0
3,4,2015-06-04,0,0,0,1,a,0
3,5,2015-06-05,9685,935,1,1,0,0
3,6,2015-06-06,4622,539,1,0,0,0
3,7,2015-06-07,0,0,0,0,0,0
3,1,2015-06-08,6567,766,1,0,0,0
3,2,2015-06-09,7127,772,1,0,0,0
3,3,2015-06-10,6440,719,1,0,0,0
3,4,2015-06-11,5656,699,1,0,0,0
3,5,2015-06-12,6181,681,1,0,0,0
3,6,2015-06-13,4687,492,1,0,0,0
3,7,2015-06-14,0,0,0,0,0,0
3,1,2015-06-15,10818,955,1,1,0,0
3,2,2015-06-16,9780,911,1,1,0,0
3,3,2015-06-17,8524,821,1,1,0,0
3,4,2015-06-18,7537,743,1,1,0,0
3,5,2015-06-19,8074,797,1,1,0,0
3,6,2015-06-20,3891,424,1,0,0,0
3,7,2015-06-21,0,0,0,0,0,0
3,1,2015-06-22,5840,638,1,0,0,0
3,2,2015-06-23,6757,779,1,0,0,0
3,3,2015-06-24,5448,633,1,0,0,0
3,4,2015-06-25,5763,693,1,0,0,0
3,5,2015-06-26,6222,698,1,0,0,0
3,6,2015-06-27,5156,641,1,0,0,0
3,7,2015-06-28,0,0,0,0,0,0
3,1,2015-06-29,10243,817,1,1,0,1
3,2,2015-06-30,13261,1072,1,1,0,1
3,3,2015-07-01,8311,772,1,1,0,1
3,4,2015-07-02,7450,701,1,1,0,1
3,5,2015-07-03,8149,742,1,1,0,1
3,6,2015-07-04,4482,456,1,0,0,0
3,7,2015-07-05,0,0,0,0,0,0
3,1,2015-07-06,6736,734,1,0,0,1
3,2,2015-07-07,6180,657,1,0,0,1
3,3,2015-07-08,6347,680,1,0,0,1
3,4,2015-07-09,6613,691,1,0,0,1
3,5,2015-07-10,6316,689,1,0,0,1
3,6,2015-07-11,4011,409,1,0,0,0
3,7,2015-07-12,0,0,0,0,0,0
3,1,2015-07-13,9462,812,1,1,0,1
3,2,2015-07-14,8625,769,1,1,0,1
3,3,2015-07-15,8663,865,1,1,0,1
3,4,2015-07-16,7909,812,1,1,0,1
3,5,2015-07-17,6679,673,1,1,0,1
3,6,2015-07-18,4258,417,1,0,0,0
3,7,2015-07-19,0,0,0,0,0,0
3,1,2015-07-20,5798,671,1,0,0,1
3,2,2015-07-21,5600,661,1,0,0,1
3,3,2015-07-22,5414,607,1,0,0,1
3,4,2015-07-23,5702,655,1,0,0,1
3,5,2015-07-24,5080,607,1,0,0,1
3,6,2015-07-25,3878,412,1,0,0,0
3,7,2015-07-26,0,0,0,0,0,0
3,1,2015-07-27,8107,768,1,1,0,1
3,2,2015-07-28,8864,818,1,1,0,1
3,3,2015-07-29,7610,716,1,1,0,1
3,4,2015-07-30,8977,823,1,1,0,1
3,5,2015-07-31,8314,821,1,1,0,1
85,2,2013-01-01,4220,619,1,0,a,1
85,3,2013-01-02,6069,914,1,0,0,1
85,4,2013-01-03,5246,820,1,0,0,1
85,5,2013-01-04,5339,805,1,0,0,1
85,6,2013-01-05,5774,772,1,0,0,0
85,7,2013-01-06,10509,1509,1,0,0,0
85,1,2013-01-07,8990,1119,1,1,0,0
85,2,2013-01-08,7300,914,1,1,0,0
85,3,2013-01-09,6523,891,1,1,0,0
85,4,2013-01-10,7434,946,1,1,0,0
85,5,2013-01-11,7132,994,1,1,0,0
85,6,2013-01-12,5198,716,1,0,0,0
85,7,2013-01-13,10584,1499,1,0,0,0
85,1,2013-01-14,5616,842,1,0,0,0
85,2,2013-01-15,5580,812,1,0,0,0
85,3,2013-01-16,5025,808,1,0,0,0
85,4,2013-01-17,4973,802,1,0,0,0
85,5,2013-01-18,5579,812,1,0,0,0
85,6,2013-01-19,5440,789,1,0,0,0
85,7,2013-01-20,11390,1536,1,0,0,0
85,1,2013-01-21,8065,1044,1,1,0,0
85,2,2013-01-22,6767,896,1,1,0,0
85,3,2013-01-23,7495,946,1,1,0,0
85,4,2013-01-24,6768,971,1,1,0,0
85,5,2013-01-25,6672,957,1,1,0,0
85,6,2013-01-26,6010,822,1,0,0,0
85,7,2013-01-27,7522,1049,1,0,0,0
85,1,2013-01-28,5284,832,1,0,0,0
85,2,2013-01-29,5100,756,1,0,0,0
85,3,2013-01-30,5050,764,1,0,0,0
85,4,2013-01-31,6358,874,1,0,0,0
85,5,2013-02-01,5967,859,1,0,0,0
85,6,2013-02-02,6180,830,1,0,0,0
85,7,2013-02-03,13302,1779,1,0,0,0
85,1,2013-02-04,8018,1066,1,1,0,1
85,2,2013-02-05,7305,984,1,1,0,1
85,3,2013-02-06,7125,962,1,1,0,1
85,4,2013-02-07,6621,930,1,1,0,1
85,5,2013-02-08,6251,900,1,1,0,1
85,6,2013-02-09,5802,759,1,0,0,0
85,7,2013-02-10,11899,1693,1,0,0,0
85,1,2013-02-11,5376,829,1,0,0,0
85,2,2013-02-12,5073,753,1,0,0,0
85,3,2013-02-13,5121,823,1,0,0,0
85,4,2013-02-14,5417,840,1,0,0,0
85,5,2013-02-15,5494,817,1,0,0,0
85,6,2013-02-16,5275,750,1,0,0,0
85,7,2013-02-17,11931,1590,1,0,0,0
85,1,2013-02-18,8467,1084,1,1,0,0
85,2,2013-02-19,7169,946,1,1,0,0
85,3,2013-02-20,7162,924,1,1,0,0
85,4,2013-02-21,6870,925,1,1,0,0
85,5,2013-02-22,7092,981,1,1,0,0
85,6,2013-02-23,5349,789,1,0,0,0
85,7,2013-02-24,10245,1494,1,0,0,0
85,1,2013-02-25,5187,812,1,0,0,0
85,2,2013-02-26,4786,775,1,0,0,0
85,3,2013-02-27,5374,818,1,0,0,0
85,4,2013-02-28,5970,900,1,0,0,0
85,5,2013-03-01,6052,914,1,0,0,0
85,6,2013-03-02,6374,864,1,0,0,0
85,7,2013-03-03,13081,1842,1,0,0,0
85,1,2013-03-04,8860,1116,1,1,0,0
85,2,2013-03-05,7592,1016,1,1,0,0
85,3,2013-03-06,7161,977,1,1,0,0
85,4,2013-03-07,6910,975,1,1,0,0
85,5,2013-03-08,6426,906,1,1,0,0
85,6,2013-03-09,5099,720,1,0,0,0
85,7,2013-03-10,10462,1512,1,0,0,0
85,1,2013-03-11,5518,866,1,0,0,0
85,2,2013-03-12,5326,835,1,0,0,0
85,3,2013-03-13,4816,785,1,0,0,0
85,4,2013-03-14,5073,792,1,0,0,0
85,5,2013-03-15,5869,881,1,0,0,0
85,6,2013-03-16,5641,809,1,0,0,0
85,7,2013-03-17,12923,1770,1,0,0,0
85,1,2013-03-18,8473,1097,1,1,0,0
85,2,2013-03-19,6945,946,1,1,0,0
85,3,2013-03-20,6704,983,1,1,0,0
85,4,2013-03-21,6341,888,1,1,0,0
85,5,2013-03-22,6623,982,1,1,0,0
85,6,2013-03-23,5759,852,1,0,0,0
85,7,2013-03-24,11431,1604,1,0,0,0
85,1,2013-03-25,8338,1172,1,1,0,1
85,2,2013-03-26,7629,1096,1,1,0,1
85,3,2013-03-27,7561,1113,1,1,0,1
85,4,2013-03-28,9112,1250,1,1,0,1
85,5,2013-03-29,13583,1836,1,1,b,1
85,6,2013-03-30,6928,1026,1,0,0,0
85,7,2013-03-31,8929,1315,1,0,0,0
85,1,2013-04-01,12129,1749,1,0,b,1
85,2,2013-04-02,6012,922,1,0,0,1
85,3,2013-04-03,5590,880,1,0,0,1
85,4,2013-04-04,5364,872,1,0,0,1
85,5,2013-04-05,5486,882,1,0,0,1
85,6,2013-04-06,5218,785,1,0,0,0
85,7,2013-04-07,10308,1519,1,0,0,0
85,1,2013-04-08,8193,1091,1,1,0,0
85,2,2013-04-09,6994,962,1,1,0,0
85,3,2013-04-10,6555,935,1,1,0,0
85,4,2013-04-11,6295,956,1,1,0,0
85,5,2013-04-12,7203,1004,1,1,0,0
85,6,2013-04-13,5347,841,1,0,0,0
85,7,2013-04-14,10214,1508,1,0,0,0
85,1,2013-04-15,5492,846,1,0,0,0
85,2,2013-04-16,5075,814,1,0,0,0
85,3,2013-04-17,5223,816,1,0,0,0
85,4,2013-04-18,4782,784,1,0,0,0
85,5,2013-04-19,5422,893,1,0,0,0
85,6,2013-04-20,5313,775,1,0,0,0
85,7,2013-04-21,11263,1634,1,0,0,0
85,1,2013-04-22,8722,1150,1,1,0,0
85,2,2013-04-23,6862,934,1,1,0,0
85,3,2013-04-24,6841,930,1,1,0,0
85,4,2013-04-25,7082,964,1,1,0,0
85,5,2013-04-26,6431,950,1,1,0,0
85,6,2013-04-27,4875,696,1,0,0,0
85,7,2013-04-28,11625,1570,1,0,0,0
85,1,2013-04-29,8667,1099,1,1,0,0
85,2,2013-04-30,8923,1127,1,1,0,0
85,3,2013-05-01,11035,1529,1,1,a,0
85,4,2013-05-02,7578,1018,1,1,0,0
85,5,2013-05-03,7118,1052,1,1,0,0
85,6,2013-05-04,5849,896,1,0,0,0
85,7,2013-05-05,7796,1193,1,0,0,0
85,1,2013-05-06,5864,896,1,0,0,0
85,2,2013-05-07,6106,873,1,0,0,0
85,3,2013-05-08,6684,1060,1,0,0,0
85,4,2013-05-09,11502,1574,1,0,a,0
85,5,2013-05-10,6306,914,1,0,0,1
85,6,2013-05-11,5950,826,1,0,0,0
85,7,2013-05-12,11219,1548,1,0,0,0
85,1,2013-05-13,8478,1133,1,1,0,0
85,2,2013-05-14,7241,1004,1,1,0,0
85,3,2013-05-15,7518,985,1,1,0,0
85,4,2013-05-16,6641,1016,1,1,0,0
85,5,2013-05-17,6717,1043,1,1,0,0
85,6,2013-05-18,6214,901,1,0,0,0
85,7,2013-05-19,11092,1642,1,0,0,0
85,1,2013-05-20,13493,1869,1,0,a,0
85,2,2013-05-21,6595,975,1,0,0,1
85,3,2013-05-22,6162,943,1,0,0,0
85,4,2013-05-23,5538,888,1,0,0,0
85,5,2013-05-24,6020,874,1,0,0,0
85,6,2013-05-25,6197,798,1,0,0,0
85,7,2013-05-26,12705,1775,1,0,0,0
85,1,2013-05-27,8611,1140,1,1,0,0
85,2,2013-05-28,7450,980,1,1,0,0
85,3,2013-05-29,6591,893,1,1,0,0
85,4,2013-05-30,7108,968,1,1,0,0
85,5,2013-05-31,8456,1113,1,1,0,0
85,6,2013-06-01,6182,850,1,0,0,0
85,7,2013-06-02,13478,1772,1,0,0,0
85,1,2013-06-03,8938,1131,1,1,0,0
85,2,2013-06-04,7130,966,1,1,0,0
85,3,2013-06-05,6302,903,1,1,0,0
85,4,2013-06-06,7179,1038,1,1,0,0
85,5,2013-06-07,6800,1001,1,1,0,0
85,6,2013-06-08,5338,802,1,0,0,0
85,7,2013-06-09,11667,1643,1,0,0,0
85,1,2013-06-10,5581,915,1,0,0,0
85,2,2013-06-11,5419,867,1,0,0,0
85,3,2013-06-12,5423,862,1,0,0,0
85,4,2013-06-13,5314,839,1,0,0,0
85,5,2013-06-14,5701,836,1,0,0,0
85,6,2013-06-15,5393,792,1,0,0,0
85,7,2013-06-16,13986,1865,1,0,0,0
85,1,2013-06-17,8475,1113,1,1,0,0
85,2,2013-06-18,8273,1059,1,1,0,0
85,3,2013-06-19,7715,1000,1,1,0,1
85,4,2013-06-20,6442,989,1,1,0,1
85,5,2013-06-21,6728,1036,1,1,0,1
85,6,2013-06-22,6071,780,1,0,0,0
85,7,2013-06-23,13647,1766,1,0,0,0
85,1,2013-06-24,4998,807,1,0,0,1
85,2,2013-06-25,5385,835,1,0,0,1
85,3,2013-06-26,5683,844,1,0,0,1
85,4,2013-06-27,5854,867,1,0,0,1
85,5,2013-06-28,6708,955,1,0,0,1
85,6,2013-06-29,6587,828,1,0,0,0
85,7,2013-06-30,14016,1802,1,0,0,0
85,1,2013-07-01,9180,1066,1,1,0,1
85,2,2013-07-02,8255,1041,1,1,0,1
85,3,2013-07-03,7238,972,1,1,0,1
85,4,2013-07-04,6630,950,1,1,0,1
85,5,2013-07-05,6344,898,1,1,0,1
85,6,2013-07-06,4684,722,1,0,0,0
85,7,2013-07-07,11606,1698,1,0,0,0
85,1,2013-07-08,6070,899,1,0,0,1
85,2,2013-07-09,5183,791,1,0,0,1
85,3,2013-07-10,5408,783,1,0,0,1
85,4,2013-07-11,5292,775,1,0,0,1
85,5,2013-07-12,5181,771,1,0,0,1
85,6,2013-07-13,5237,780,1,0,0,0
85,7,2013-07-14,13010,1711,1,0,0,0
85,1,2013-07-15,7953,1045,1,1,0,1
85,2,2013-07-16,7077,903,1,1,0,1
85,3,2013-07-17,6551,889,1,1,0,1
85,4,2013-07-18,6355,883,1,1,0,1
85,5,2013-07-19,5770,871,1,1,0,1
85,6,2013-07-20,5218,812,1,0,0,0
85,7,2013-07-21,10880,1681,1,0,0,0
85,1,2013-07-22,5489,816,1,0,0,1
85,2,2013-07-23,5092,779,1,0,0,1
85,3,2013-07-24,4980,766,1,0,0,1
85,4,2013-07-25,5110,792,1,0,0,1
85,5,2013-07-26,5014,828,1,0,0,1
85,6,2013-07-27,4897,738,1,0,0,0
85,7,2013-07-28,10728,1593,1,0,0,0
85,1,2013-07-29,8098,1027,1,1,0,1
85,2,2013-07-30,8045,1015,1,1,0,1
85,3,2013-07-31,7975,1022,1,1,0,1
85,4,2013-08-01,7052,951,1,1,0,1
85,5,2013-08-02,6719,1024,1,1,0,1
85,6,2013-08-03,5481,822,1,0,0,0
85,7,2013-08-04,14538,1903,1,0,0,0
85,1,2013-08-05,5905,892,1,0,0,0
85,2,2013-08-06,5675,876,1,0,0,0
85,3,2013-08-07,5200,796,1,0,0,0
85,4,2013-08-08,5240,812,1,0,0,0
85,5,2013-08-09,5428,842,1,0,0,0
85,6,2013-08-10,5362,733,1,0,0,0
85,7,2013-08-11,12382,1815,1,0,0,0
85,1,2013-08-12,8656,1104,1,1,0,0
85,2,2013-08-13,7823,1011,1,1,0,0
85,3,2013-08-14,7602,993,1,1,0,0
85,4,2013-08-15,7106,983,1,1,0,0
85,5,2013-08-16,6991,987,1,1,0,0
85,6,2013-08-17,4496,715,1,0,0,0
85,7,2013-08-18,11884,1627,1,0,0,0
85,1,2013-08-19,5726,887,1,0,0,0
85,2,2013-08-20,5349,832,1,0,0,0
85,3,2013-08-21,5042,810,1,0,0,0
85,4,2013-08-22,4855,729,1,0,0,0
85,5,2013-08-23,5267,826,1,0,0,0
85,6,2013-08-24,4829,714,1,0,0,0
85,7,2013-08-25,11306,1587,1,0,0,0
85,1,2013-08-26,8885,1086,1,1,0,0
85,2,2013-08-27,6598,877,1,1,0,0
85,3,2013-08-28,7139,908,1,1,0,0
85,4,2013-08-29,6156,879,1,1,0,0
85,5,2013-08-30,7207,1018,1,1,0,0
85,6,2013-08-31,5582,769,1,0,0,0
85,7,2013-09-01,13706,1858,1,0,0,0
85,1,2013-09-02,5734,859,1,0,0,0
85,2,2013-09-03,5227,778,1,0,0,0
85,3,2013-09-04,5602,823,1,0,0,0
85,4,2013-09-05,5223,802,1,0,0,0
85,5,2013-09-06,5242,807,1,0,0,0
85,6,2013-09-07,5428,753,1,0,0,0
85,7,2013-09-08,8383,1143,1,0,0,0
85,1,2013-09-09,7959,1040,1,1,0,0
85,2,2013-09-10,7756,986,1,1,0,0
85,3,2013-09-11,6800,939,1,1,0,0
85,4,2013-09-12,6439,893,1,1,0,0
85,5,2013-09-13,6417,908,1,1,0,0
85,6,2013-09-14,4951,721,1,0,0,0
85,7,2013-09-15,12193,1633,1,0,0,0
85,1,2013-09-16,5575,846,1,0,0,0
85,2,2013-09-17,4940,773,1,0,0,0
85,3,2013-09-18,4560,756,1,0,0,0
85,4,2013-09-19,4656,759,1,0,0,0
85,5,2013-09-20,4949,774,1,0,0,0
85,6,2013-09-21,4374,639,1,0,0,0
85,7,2013-09-22,7317,1065,1,0,0,0
85,1,2013-09-23,7262,985,1,1,0,0
85,2,2013-09-24,6893,898,1,1,0,0
85,3,2013-09-25,6959,960,1,1,0,0
85,4,2013-09-26,6629,917,1,1,0,0
85,5,2013-09-27,6565,928,1,1,0,0
85,6,2013-09-28,5088,712,1,0,0,0
85,7,2013-09-29,13267,1663,1,0,0,0
85,1,2013-09-30,6269,887,1,0,0,1
85,2,2013-10-01,6191,839,1,0,0,1
85,3,2013-10-02,6623,981,1,0,0,1
85,4,2013-10-03,13297,1860,1,0,a,1
85,5,2013-10-04,5905,870,1,0,0,1
85,6,2013-10-05,4823,696,1,0,0,0
85,7,2013-10-06,9289,1270,1,0,0,0
85,1,2013-10-07,7854,984,1,1,0,1
85,2,2013-10-08,6135,880,1,1,0,1
85,3,2013-10-09,6001,887,1,1,0,1
85,4,2013-10-10,6329,884,1,1,0,1
85,5,2013-10-11,6373,921,1,1,0,1
85,6,2013-10-12,5272,727,1,0,0,0
85,7,2013-10-13,12038,1679,1,0,0,0
85,1,2013-10-14,5194,795,1,0,0,0
85,2,2013-10-15,4895,783,1,0,0,0
85,3,2013-10-16,5261,837,1,0,0,0
85,4,2013-10-17,5178,814,1,0,0,0
85,5,2013-10-18,5117,831,1,0,0,0
85,6,2013-10-19,4906,758,1,0,0,0
85,7,2013-10-20,7310,1073,1,0,0,0
85,1,2013-10-21,7494,1023,1,1,0,0
85,2,2013-10-22,6159,855,1,1,0,0
85,3,2013-10-23,6317,868,1,1,0,0
85,4,2013-10-24,5822,813,1,1,0,0
85,5,2013-10-25,6328,892,1,1,0,0
85,6,2013-10-26,4680,727,1,0,0,0
85,7,2013-10-27,11363,1617,1,0,0,0
85,1,2013-10-28,5697,836,1,0,0,0
85,2,2013-10-29,4843,778,1,0,0,0
85,3,2013-10-30,5698,818,1,0,0,0
85,4,2013-10-31,5860,815,1,0,0,0
85,5,2013-11-01,6032,877,1,0,0,0
85,6,2013-11-02,5588,783,1,0,0,0
85,7,2013-11-03,8226,1141,1,0,0,0
85,1,2013-11-04,8776,1096,1,1,0,0
85,2,2013-11-05,7795,966,1,1,0,0
85,3,2013-11-06,7105,909,1,1,0,0
85,4,2013-11-07,6578,861,1,1,0,0
85,5,2013-11-08,6459,879,1,1,0,0
85,6,2013-11-09,5046,687,1,0,0,0
85,7,2013-11-10,11525,1632,1,0,0,0
85,1,2013-11-11,5639,867,1,0,0,0
85,2,2013-11-12,5165,820,1,0,0,0
85,3,2013-11-13,5327,775,1,0,0,0
85,4,2013-11-14,5330,817,1,0,0,0
85,5,2013-11-15,5804,888,1,0,0,0
85,6,2013-11-16,5985,860,1,0,0,0
85,7,2013-11-17,13629,1812,1,0,0,0
85,1,2013-11-18,8466,1118,1,1,0,0
85,2,2013-11-19,7868,1021,1,1,0,0
85,3,2013-11-20,7044,1016,1,1,0,0
85,4,2013-11-21,6815,995,1,1,0,0
85,5,2013-11-22,7078,1041,1,1,0,0
85,6,2013-11-23,5316,785,1,0,0,0
85,7,2013-11-24,13413,1907,1,0,0,0
85,1,2013-11-25,6360,997,1,0,0,0
85,2,2013-11-26,5558,879,1,0,0,0
85,3,2013-11-27,6521,962,1,0,0,0
85,4,2013-11-28,6535,976,1,0,0,0
85,5,2013-11-29,6406,913,1,0,0,0
85,6,2013-11-30,6838,878,1,0,0,0
85,7,2013-12-01,13087,1724,1,0,0,0
85,1,2013-12-02,9272,1147,1,1,0,0
85,2,2013-12-03,8591,1011,1,1,0,0
85,3,2013-12-04,7979,1050,1,1,0,0
85,4,2013-12-05,9177,1127,1,1,0,0
85,5,2013-12-06,6823,968,1,1,0,0
85,6,2013-12-07,6015,869,1,0,0,0
85,7,2013-12-08,7815,1063,1,0,0,0
85,1,2013-12-09,5781,846,1,0,0,0
85,2,2013-12-10,5777,871,1,0,0,0
85,3,2013-12-11,6010,854,1,0,0,0
85,4,2013-12-12,5560,841,1,0,0,0
85,5,2013-12-13,5714,874,1,0,0,0
85,6,2013-12-14,6264,866,1,0,0,0
85,7,2013-12-15,13491,1739,1,0,0,0
85,1,2013-12-16,11113,1219,1,1,0,0
85,2,2013-12-17,9498,1080,1,1,0,0
85,3,2013-12-18,8347,1049,1,1,0,0
85,4,2013-12-19,8730,1096,1,1,0,0
85,5,2013-12-20,8917,1124,1,1,0,0
85,6,2013-12-21,7667,1013,1,0,0,0
85,7,2013-12-22,8094,1092,1,0,0,0
85,1,2013-12-23,8274,1152,1,0,0,1
85,2,2013-12-24,3215,433,1,0,0,1
85,3,2013-12-25,6138,871,1,0,c,1
85,4,2013-12-26,8513,1097,1,0,c,1
85,5,2013-12-27,6064,902,1,0,0,1
85,6,2013-12-28,6061,861,1,0,0,0
85,7,2013-12-29,12800,1676,1,0,0,0
85,1,2013-12-30,8031,1076,1,0,0,1
85,2,2013-12-31,5324,745,1,0,0,1
85,3,2014-01-01,4184,603,1,0,a,1
85,4,2014-01-02,6218,918,1,0,0,1
85,5,2014-01-03,5851,807,1,0,0,1
85,6,2014-01-04,6098,772,1,0,0,0
85,7,2014-01-05,10465,1413,1,0,0,0
85,1,2014-01-06,8393,1038,1,1,0,0
85,2,2014-01-07,7818,941,1,1,0,0
85,3,2014-01-08,7448,947,1,1,0,0
85,4,2014-01-09,6162,839,1,1,0,0
85,5,2014-01-10,7242,985,1,1,0,0
85,6,2014-01-11,5028,732,1,0,0,0
85,7,2014-01-12,11480,1474,1,0,0,0
85,1,2014-01-13,5799,840,1,0,0,0
85,2,2014-01-14,5545,829,1,0,0,0
85,3,2014-01-15,4770,730,1,0,0,0
85,4,2014-01-16,4378,697,1,0,0,0
85,5,2014-01-17,5700,842,1,0,0,0
85,6,2014-01-18,5541,780,1,0,0,0
85,7,2014-01-19,11008,1450,1,0,0,0
85,1,2014-01-20,7413,926,1,1,0,0
85,2,2014-01-21,6791,920,1,1,0,0
85,3,2014-01-22,6641,904,1,1,0,0
85,4,2014-01-23,6546,914,1,1,0,0
85,5,2014-01-24,7044,980,1,1,0,0
85,6,2014-01-25,4976,714,1,0,0,0
85,7,2014-01-26,7483,1067,1,0,0,0
85,1,2014-01-27,5161,796,1,0,0,0
85,2,2014-01-28,5490,812,1,0,0,0
85,3,2014-01-29,5333,789,1,0,0,0
85,4,2014-01-30,4734,753,1,0,0,0
85,5,2014-01-31,7343,981,1,0,0,0
85,6,2014-02-01,5911,850,1,0,0,0
85,7,2014-02-02,12576,1662,1,0,0,0
85,1,2014-02-03,8903,1104,1,1,0,1
85,2,2014-02-04,7235,955,1,1,0,1
85,3,2014-02-05,7107,914,1,1,0,1
85,4,2014-02-06,6754,935,1,1,0,1
85,5,2014-02-07,6338,902,1,1,0,1
85,6,2014-02-08,4890,710,1,0,0,0
85,7,2014-02-09,11567,1612,1,0,0,0
85,1,2014-02-10,5110,802,1,0,0,0
85,2,2014-02-11,4857,798,1,0,0,0
85,3,2014-02-12,5040,767,1,0,0,0
85,4,2014-02-13,5108,813,1,0,0,0
85,5,2014-02-14,5582,870,1,0,0,0
85,6,2014-02-15,4661,683,1,0,0,0
85,7,2014-02-16,11904,1611,1,0,0,0
85,1,2014-02-17,7236,980,1,1,0,0
85,2,2014-02-18,6892,913,1,1,0,0
85,3,2014-02-19,6238,866,1,1,0,0
85,4,2014-02-20,6228,876,1,1,0,0
85,5,2014-02-21,6377,928,1,1,0,0
85,6,2014-02-22,4946,693,1,0,0,0
85,7,2014-02-23,10835,1517,1,0,0,0
85,1,2014-02-24,5092,821,1,0,0,0
85,2,2014-02-25,4940,787,1,0,0,0
85,3,2014-02-26,4691,739,1,0,0,0
85,4,2014-02-27,4955,771,1,0,0,0
85,5,2014-02-28,6029,851,1,0,0,0
85,6,2014-03-01,5941,845,1,0,0,0
85,7,2014-03-02,12216,1728,1,0,0,0
85,1,2014-03-03,8475,1107,1,1,0,0
85,2,2014-03-04,7721,1004,1,1,0,0
85,3,2014-03-05,6867,934,1,1,0,0
85,4,2014-03-06,6276,879,1,1,0,0
85,5,2014-03-07,6443,946,1,1,0,0
85,6,2014-03-08,5173,763,1,0,0,0
85,7,2014-03-09,7303,1091,1,0,0,0
85,1,2014-03-10,5339,864,1,0,0,0
85,2,2014-03-11,5148,839,1,0,0,0
85,3,2014-03-12,5125,797,1,0,0,0
85,4,2014-03-13,4701,775,1,0,0,0
85,5,2014-03-14,5304,828,1,0,0,0
85,6,2014-03-15,5304,774,1,0,0,0
85,7,2014-03-16,11889,1649,1,0,0,0
85,1,2014-03-17,7727,1018,1,1,0,0
85,2,2014-03-18,6976,964,1,1,0,0
85,3,2014-03-19,6664,913,1,1,0,0
85,4,2014-03-20,6091,887,1,1,0,0
85,5,2014-03-21,5995,891,1,1,0,0
85,6,2014-03-22,5296,733,1,0,0,0
85,7,2014-03-23,11254,1590,1,0,0,0
85,1,2014-03-24,5351,834,1,0,0,0
85,2,2014-03-25,4744,754,1,0,0,0
85,3,2014-03-26,5180,808,1,0,0,0
85,4,2014-03-27,5378,817,1,0,0,0
85,5,2014-03-28,5417,857,1,0,0,0
85,6,2014-03-29,5311,743,1,0,0,0
85,7,2014-03-30,10469,1448,1,0,0,0
85,1,2014-03-31,8989,1167,1,1,0,0
85,2,2014-04-01,7979,989,1,1,0,0
85,3,2014-04-02,7665,1007,1,1,0,0
85,4,2014-04-03,6537,903,1,1,0,0
85,5,2014-04-04,7048,1028,1,1,0,0
85,6,2014-04-05,5527,804,1,0,0,0
85,7,2014-04-06,9793,1463,1,0,0,0
85,1,2014-04-07,5792,895,1,0,0,0
85,2,2014-04-08,4837,753,1,0,0,0
85,3,2014-04-09,6141,868,1,0,0,0
85,4,2014-04-10,5259,807,1,0,0,0
85,5,2014-04-11,5873,894,1,0,0,0
85,6,2014-04-12,5371,779,1,0,0,0
85,7,2014-04-13,10568,1525,1,0,0,0
85,1,2014-04-14,8198,1070,1,1,0,1
85,2,2014-04-15,7753,1044,1,1,0,1
85,3,2014-04-16,7655,1027,1,1,0,1
85,4,2014-04-17,9222,1236,1,1,0,1
85,5,2014-04-18,12603,1721,1,1,b,1
85,6,2014-04-19,6417,935,1,0,0,0
85,7,2014-04-20,7716,1257,1,0,0,0
85,1,2014-04-21,11476,1686,1,0,b,1
85,2,2014-04-22,5546,890,1,0,0,1
85,3,2014-04-23,5368,806,1,0,0,1
85,4,2014-04-24,5376,809,1,0,0,1
85,5,2014-04-25,5619,823,1,0,0,1
85,6,2014-04-26,4790,708,1,0,0,0
85,7,2014-04-27,10874,1607,1,0,0,0
85,1,2014-04-28,8902,1116,1,1,0,0
85,2,2014-04-29,7218,979,1,1,0,0
85,3,2014-04-30,9281,1166,1,1,0,0
85,4,2014-05-01,11656,1609,1,1,a,0
85,5,2014-05-02,8351,1093,1,1,0,1
85,6,2014-05-03,5885,818,1,0,0,0
85,7,2014-05-04,8298,1183,1,0,0,0
85,1,2014-05-05,9165,1122,1,1,0,0
85,2,2014-05-06,7453,973,1,1,0,0
85,3,2014-05-07,7044,991,1,1,0,0
85,4,2014-05-08,6274,902,1,1,0,0
85,5,2014-05-09,7179,967,1,1,0,0
85,6,2014-05-10,5171,748,1,0,0,0
85,7,2014-05-11,11528,1555,1,0,0,0
85,1,2014-05-12,5613,909,1,0,0,0
85,2,2014-05-13,5150,812,1,0,0,0
85,3,2014-05-14,5495,826,1,0,0,0
85,4,2014-05-15,5239,850,1,0,0,0
85,5,2014-05-16,5712,868,1,0,0,0
85,6,2014-05-17,5523,763,1,0,0,0
85,7,2014-05-18,10400,1503,1,0,0,0
85,1,2014-05-19,8599,1105,1,1,0,0
85,2,2014-05-20,6471,890,1,1,0,0
85,3,2014-05-21,6450,936,1,1,0,0
85,4,2014-05-22,7046,1029,1,1,0,0
85,5,2014-05-23,7148,998,1,1,0,0
85,6,2014-05-24,5741,819,1,0,0,0
85,7,2014-05-25,11655,1679,1,0,0,0
85,1,2014-05-26,6475,950,1,0,0,0
85,2,2014-05-27,6057,911,1,0,0,0
85,3,2014-05-28,7429,1111,1,0,0,0
85,4,2014-05-29,14415,1918,1,0,a,0
85,5,2014-05-30,7055,1002,1,0,0,1
85,6,2014-05-31,5896,858,1,0,0,0
85,7,2014-06-01,11528,1628,1,0,0,0
85,1,2014-06-02,9424,1134,1,1,0,0
85,2,2014-06-03,7519,980,1,1,0,0
85,3,2014-06-04,7175,960,1,1,0,0
85,4,2014-06-05,7078,995,1,1,0,0
85,5,2014-06-06,7821,1091,1,1,0,0
85,6,2014-06-07,6266,987,1,0,0,0
85,7,2014-06-08,12346,1852,1,0,0,0
85,1,2014-06-09,12815,1911,1,0,a,0
85,2,2014-06-10,6746,999,1,0,0,0
85,3,2014-06-11,5957,897,1,0,0,0
85,4,2014-06-12,5704,881,1,0,0,0
85,5,2014-06-13,6399,920,1,0,0,0
85,6,2014-06-14,5081,789,1,0,0,0
85,7,2014-06-15,12348,1673,1,0,0,0
85,1,2014-06-16,8136,1091,1,1,0,0
85,2,2014-06-17,7201,936,1,1,0,0
85,3,2014-06-18,7015,995,1,1,0,0
85,4,2014-06-19,7036,986,1,1,0,0
85,5,2014-06-20,6962,1022,1,1,0,0
85,6,2014-06-21,5141,824,1,0,0,0
85,7,2014-06-22,12640,1769,1,0,0,0
85,1,2014-06-23,6179,984,1,0,0,0
85,2,2014-06-24,5690,850,1,0,0,0
85,3,2014-06-25,6319,958,1,0,0,0
85,4,2014-06-26,5991,908,1,0,0,0
85,5,2014-06-27,6627,958,1,0,0,0
85,6,2014-06-28,5417,801,1,0,0,0
85,7,2014-06-29,13465,1772,1,0,0,0
85,1,2014-06-30,9688,1224,1,1,0,0
85,2,2014-07-01,8273,1043,1,1,0,0
85,3,2014-07-02,8513,1033,1,1,0,0
85,4,2014-07-03,7083,996,1,1,0,0
85,5,2014-07-04,7072,1105,1,1,0,0
85,6,2014-07-05,5872,820,1,0,0,0
85,7,2014-07-06,13119,1870,1,0,0,0
85,1,2014-07-07,6241,1000,1,0,0,0
85,2,2014-07-08,5920,885,1,0,0,0
85,3,2014-07-09,6799,976,1,0,0,1
85,4,2014-07-10,5666,860,1,0,0,1
85,5,2014-07-11,6327,979,1,0,0,1
85,6,2014-07-12,5786,827,1,0,0,0
85,7,2014-07-13,13596,1812,1,0,0,0
85,1,2014-07-14,7293,1014,1,1,0,1
85,2,2014-07-15,7011,927,1,1,0,1
85,3,2014-07-16,6952,947,1,1,0,1
85,4,2014-07-17,6874,966,1,1,0,1
85,5,2014-07-18,6906,1000,1,1,0,1
85,6,2014-07-19,4751,731,1,0,0,0
85,7,2014-07-20,10696,1537,1,0,0,0
85,1,2014-07-21,5875,897,1,0,0,1
85,2,2014-07-22,5541,834,1,0,0,1
85,3,2014-07-23,5388,834,1,0,0,1
85,4,2014-07-24,5610,824,1,0,0,1
85,5,2014-07-25,5246,868,1,0,0,1
85,6,2014-07-26,5033,766,1,0,0,0
85,7,2014-07-27,11045,1585,1,0,0,0
85,1,2014-07-28,7915,1035,1,1,0,1
85,2,2014-07-29,7078,943,1,1,0,1
85,3,2014-07-30,7207,952,1,1,0,1
85,4,2014-07-31,8121,1049,1,1,0,1
85,5,2014-08-01,7855,1012,1,1,0,1
85,6,2014-08-02,5845,830,1,0,0,0
85,7,2014-08-03,12265,1713,1,0,0,0
85,1,2014-08-04,8779,1134,1,1,0,1
85,2,2014-08-05,7055,930,1,1,0,1
85,3,2014-08-06,7098,979,1,1,0,1
85,4,2014-08-07,6605,944,1,1,0,1
85,5,2014-08-08,6565,954,1,1,0,1
85,6,2014-08-09,5242,792,1,0,0,0
85,7,2014-08-10,12129,1686,1,0,0,0
85,1,2014-08-11,6113,890,1,0,0,1
85,2,2014-08-12,5729,881,1,0,0,1
85,3,2014-08-13,6111,826,1,0,0,1
85,4,2014-08-14,5290,804,1,0,0,1
85,5,2014-08-15,5632,850,1,0,0,1
85,6,2014-08-16,4420,678,1,0,0,0
85,7,2014-08-17,11707,1676,1,0,0,0
85,1,2014-08-18,8270,1105,1,1,0,1
85,2,2014-08-19,7415,979,1,1,0,1
85,3,2014-08-20,6514,914,1,1,0,1
85,4,2014-08-21,6506,878,1,1,0,1
85,5,2014-08-22,6658,956,1,1,0,1
85,6,2014-08-23,5460,779,1,0,0,0
85,7,2014-08-24,12063,1723,1,0,0,0
85,1,2014-08-25,6306,910,1,0,0,0
85,2,2014-08-26,5693,838,1,0,0,0
85,3,2014-08-27,5146,819,1,0,0,0
85,4,2014-08-28,6016,925,1,0,0,0
85,5,2014-08-29,6336,924,1,0,0,0
85,6,2014-08-30,5795,803,1,0,0,0
85,7,2014-08-31,14336,1992,1,0,0,0
85,1,2014-09-01,9215,1148,1,1,0,0
85,2,2014-09-02,7576,1000,1,1,0,0
85,3,2014-09-03,7475,957,1,1,0,0
85,4,2014-09-04,6490,950,1,1,0,0
85,5,2014-09-05,6727,983,1,1,0,0
85,6,2014-09-06,5170,768,1,0,0,0
85,7,2014-09-07,8080,1156,1,0,0,0
85,1,2014-09-08,5962,907,1,0,0,0
85,2,2014-09-09,5318,806,1,0,0,0
85,3,2014-09-10,5329,875,1,0,0,0
85,4,2014-09-11,5659,841,1,0,0,0
85,5,2014-09-12,5446,859,1,0,0,0
85,6,2014-09-13,5082,721,1,0,0,0
85,7,2014-09-14,12609,1692,1,0,0,0
85,1,2014-09-15,7614,1007,1,1,0,0
85,2,2014-09-16,6651,896,1,1,0,0
85,3,2014-09-17,6559,930,1,1,0,0
85,4,2014-09-18,5971,880,1,1,0,0
85,5,2014-09-19,6650,945,1,1,0,0
85,6,2014-09-20,5183,783,1,0,0,0
85,7,2014-09-21,11875,1652,1,0,0,0
85,1,2014-09-22,5641,884,1,0,0,0
85,2,2014-09-23,5052,776,1,0,0,0
85,3,2014-09-24,4773,757,1,0,0,0
85,4,2014-09-25,5202,786,1,0,0,0
85,5,2014-09-26,6038,822,1,0,0,0
85,6,2014-09-27,5260,760,1,0,0,0
85,7,2014-09-28,11147,1500,1,0,0,0
85,1,2014-09-29,8273,1059,1,1,0,0
85,2,2014-09-30,8594,1093,1,1,0,0
85,3,2014-10-01,7653,1011,1,1,0,0
85,4,2014-10-02,8067,1055,1,1,0,0
85,5,2014-10-03,13076,1796,1,1,a,0
85,6,2014-10-04,6511,873,1,0,0,0
85,7,2014-10-05,7923,1134,1,0,0,0
85,1,2014-10-06,8206,1049,1,1,0,0
85,2,2014-10-07,7174,962,1,1,0,0
85,3,2014-10-08,6685,957,1,1,0,0
85,4,2014-10-09,6887,978,1,1,0,0
85,5,2014-10-10,7435,1010,1,1,0,0
85,6,2014-10-11,6096,840,1,0,0,0
85,7,2014-10-12,13117,1762,1,0,0,0
85,1,2014-10-13,6414,918,1,0,0,0
85,2,2014-10-14,5827,866,1,0,0,0
85,3,2014-10-15,5185,758,1,0,0,0
85,4,2014-10-16,6304,908,1,0,0,0
85,5,2014-10-17,6711,971,1,0,0,0
85,6,2014-10-18,4563,651,1,0,0,0
85,7,2014-10-19,10221,1381,1,0,0,0
85,1,2014-10-20,8521,1134,1,1,0,1
85,2,2014-10-21,6780,924,1,1,0,1
85,3,2014-10-22,6518,937,1,1,0,1
85,4,2014-10-23,6913,947,1,1,0,1
85,5,2014-10-24,6956,950,1,1,0,1
85,6,2014-10-25,5209,742,1,0,0,0
85,7,2014-10-26,10524,1514,1,0,0,0
85,1,2014-10-27,5708,952,1,0,0,1
85,2,2014-10-28,5977,843,1,0,0,1
85,3,2014-10-29,5227,807,1,0,0,1
85,4,2014-10-30,5862,848,1,0,0,1
85,5,2014-10-31,6722,1017,1,0,0,1
85,6,2014-11-01,5865,815,1,0,0,0
85,7,2014-11-02,11557,1590,1,0,0,0
85,1,2014-11-03,8670,1135,1,1,0,0
85,2,2014-11-04,7020,934,1,1,0,0
85,3,2014-11-05,6855,922,1,1,0,0
85,4,2014-11-06,5491,713,1,1,0,0
85,5,2014-11-07,6856,888,1,1,0,0
85,6,2014-11-08,5201,769,1,0,0,0
85,7,2014-11-09,7487,1093,1,0,0,0
85,1,2014-11-10,8308,1044,1,1,0,0
85,2,2014-11-11,6606,918,1,1,0,0
85,3,2014-11-12,6883,950,1,1,0,0
85,4,2014-11-13,6702,950,1,1,0,0
85,5,2014-11-14,6970,984,1,1,0,0
85,6,2014-11-15,5552,801,1,0,0,0
85,7,2014-11-16,12932,1690,1,0,0,0
85,1,2014-11-17,6051,942,1,0,0,0
85,2,2014-11-18,6086,866,1,0,0,0
85,3,2014-11-19,6061,868,1,0,0,0
85,4,2014-11-20,5395,821,1,0,0,0
85,5,2014-11-21,6193,893,1,0,0,0
85,6,2014-11-22,5787,824,1,0,0,0
85,7,2014-11-23,12060,1707,1,0,0,0
85,1,2014-11-24,8259,1073,1,1,0,0
85,2,2014-11-25,7636,989,1,1,0,0
85,3,2014-11-26,7496,968,1,1,0,0
85,4,2014-11-27,7719,1006,1,1,0,0
85,5,2014-11-28,8836,1135,1,1,0,0
85,6,2014-11-29,7461,981,1,0,0,0
85,7,2014-11-30,15386,1833,1,0,0,0
85,1,2014-12-01,9096,1183,1,1,0,0
85,2,2014-12-02,7245,945,1,1,0,0
85,3,2014-12-03,9119,1122,1,1,0,0
85,4,2014-12-04,8249,1082,1,1,0,0
85,5,2014-12-05,9835,1204,1,1,0,0
85,6,2014-12-06,6101,860,1,0,0,0
85,7,2014-12-07,8394,1158,1,0,0,0
85,1,2014-12-08,6960,979,1,0,0,0
85,2,2014-12-09,5821,914,1,0,0,0
85,3,2014-12-10,5683,847,1,0,0,0
85,4,2014-12-11,6044,912,1,0,0,0
85,5,2014-12-12,6610,933,1,0,0,0
85,6,2014-12-13,6764,878,1,0,0,0
85,7,2014-12-14,13194,1736,1,0,0,0
85,1,2014-12-15,9509,1174,1,1,0,0
85,2,2014-12-16,8282,1035,1,1,0,0
85,3,2014-12-17,8513,1082,1,1,0,0
85,4,2014-12-18,8765,1063,1,1,0,0
85,5,2014-12-19,8671,1098,1,1,0,0
85,6,2014-12-20,7533,984,1,0,0,0
85,7,2014-12-21,8739,1188,1,0,0,0
85,1,2014-12-22,8088,1166,1,0,0,1
85,2,2014-12-23,8532,1159,1,0,0,1
85,3,2014-12-24,3609,488,1,0,0,1
85,4,2014-12-25,7612,968,1,0,c,1
85,5,2014-12-26,9741,1161,1,0,c,1
85,6,2014-12-27,5686,863,1,0,0,0
85,7,2014-12-28,11914,1506,1,0,0,0
85,1,2014-12-29,6665,958,1,0,0,1
85,2,2014-12-30,8490,1141,1,0,0,1
85,3,2014-12-31,5377,743,1,0,0,1
85,4,2015-01-01,4576,703,1,0,a,1
85,5,2015-01-02,6252,856,1,0,0,1
85,6,2015-01-03,5951,840,1,0,0,0
85,7,2015-01-04,9957,1504,1,0,0,0
85,1,2015-01-05,8482,1107,1,1,0,0
85,2,2015-01-06,6854,930,1,1,0,0
85,3,2015-01-07,6930,947,1,1,0,0
85,4,2015-01-08,6429,881,1,1,0,0
85,5,2015-01-09,6974,936,1,1,0,0
85,6,2015-01-10,5760,757,1,0,0,0
85,7,2015-01-11,10876,1488,1,0,0,0
85,1,2015-01-12,7967,1074,1,1,0,0
85,2,2015-01-13,6673,920,1,1,0,0
85,3,2015-01-14,7048,939,1,1,0,0
85,4,2015-01-15,6284,872,1,1,0,0
85,5,2015-01-16,7343,1019,1,1,0,0
85,6,2015-01-17,4068,573,1,0,0,0
85,7,2015-01-18,11754,1647,1,0,0,0
85,1,2015-01-19,6038,975,1,0,0,0
85,2,2015-01-20,5057,822,1,0,0,0
85,3,2015-01-21,5877,844,1,0,0,0
85,4,2015-01-22,5937,844,1,0,0,0
85,5,2015-01-23,5704,844,1,0,0,0
85,6,2015-01-24,5137,796,1,0,0,0
85,7,2015-01-25,7459,1093,1,0,0,0
85,1,2015-01-26,7583,1032,1,1,0,0
85,2,2015-01-27,7161,902,1,1,0,0
85,3,2015-01-28,6613,935,1,1,0,0
85,4,2015-01-29,6168,907,1,1,0,0
85,5,2015-01-30,7499,1027,1,1,0,0
85,6,2015-01-31,6737,926,1,0,0,0
85,7,2015-02-01,13899,1830,1,0,0,0
85,1,2015-02-02,8625,1095,1,1,0,1
85,2,2015-02-03,7101,936,1,1,0,1
85,3,2015-02-04,6797,948,1,1,0,1
85,4,2015-02-05,6083,936,1,1,0,1
85,5,2015-02-06,6975,971,1,1,0,1
85,6,2015-02-07,5707,796,1,0,0,0
85,7,2015-02-08,11453,1585,1,0,0,0
85,1,2015-02-09,5957,915,1,0,0,0
85,2,2015-02-10,5312,838,1,0,0,0
85,3,2015-02-11,5556,845,1,0,0,0
85,4,2015-02-12,5710,853,1,0,0,0
85,5,2015-02-13,5810,933,1,0,0,0
85,6,2015-02-14,5591,808,1,0,0,0
85,7,2015-02-15,12273,1724,1,0,0,0
85,1,2015-02-16,8644,1065,1,1,0,0
85,2,2015-02-17,7141,968,1,1,0,0
85,3,2015-02-18,6553,924,1,1,0,0
85,4,2015-02-19,6447,918,1,1,0,0
85,5,2015-02-20,6708,952,1,1,0,0
85,6,2015-02-21,5444,802,1,0,0,0
85,7,2015-02-22,12454,1757,1,0,0,0
85,1,2015-02-23,6250,936,1,0,0,0
85,2,2015-02-24,5425,834,1,0,0,0
85,3,2015-02-25,6278,888,1,0,0,0
85,4,2015-02-26,6205,873,1,0,0,0
85,5,2015-02-27,7026,962,1,0,0,0
85,6,2015-02-28,6146,869,1,0,0,0
85,7,2015-03-01,15153,1910,1,0,0,0
85,1,2015-03-02,8484,1139,1,1,0,0
85,2,2015-03-03,7571,974,1,1,0,0
85,3,2015-03-04,7826,979,1,1,0,0
85,4,2015-03-05,6613,934,1,1,0,0
85,5,2015-03-06,7086,1020,1,1,0,0
85,6,2015-03-07,5279,713,1,0,0,0
85,7,2015-03-08,7638,1070,1,0,0,0
85,1,2015-03-09,6367,898,1,0,0,0
85,2,2015-03-10,5954,865,1,0,0,0
85,3,2015-03-11,5680,841,1,0,0,0
85,4,2015-03-12,5689,888,1,0,0,0
85,5,2015-03-13,5946,883,1,0,0,0
85,6,2015-03-14,5538,727,1,0,0,0
85,7,2015-03-15,12554,1719,1,0,0,0
85,1,2015-03-16,8318,1091,1,1,0,0
85,2,2015-03-17,7002,939,1,1,0,0
85,3,2015-03-18,6749,924,1,1,0,0
85,4,2015-03-19,6390,928,1,1,0,0
85,5,2015-03-20,6912,963,1,1,0,0
85,6,2015-03-21,5460,775,1,0,0,0
85,7,2015-03-22,12561,1780,1,0,0,0
85,1,2015-03-23,6441,952,1,0,0,0
85,2,2015-03-24,5333,839,1,0,0,0
85,3,2015-03-25,5348,856,1,0,0,0
85,4,2015-03-26,5833,850,1,0,0,0
85,5,2015-03-27,6524,945,1,0,0,0
85,6,2015-03-28,6508,930,1,0,0,0
85,7,2015-03-29,10433,1430,1,0,0,0
85,1,2015-03-30,9651,1206,1,1,0,1
85,2,2015-03-31,9013,1111,1,1,0,1
85,3,2015-04-01,9980,1196,1,1,0,1
85,4,2015-04-02,10449,1317,1,1,0,1
85,5,2015-04-03,13738,1812,1,1,b,1
85,6,2015-04-04,7141,1010,1,0,0,0
85,7,2015-04-05,10110,1389,1,0,0,0
85,1,2015-04-06,11675,1706,1,0,b,1
85,2,2015-04-07,6636,974,1,0,0,1
85,3,2015-04-08,6363,932,1,0,0,1
85,4,2015-04-09,5434,824,1,0,0,1
85,5,2015-04-10,6162,910,1,0,0,1
85,6,2015-04-11,5073,751,1,0,0,0
85,7,2015-04-12,12072,1694,1,0,0,0
85,1,2015-04-13,8583,1140,1,1,0,0
85,2,2015-04-14,7525,1019,1,1,0,0
85,3,2015-04-15,7509,925,1,1,0,0
85,4,2015-04-16,7611,914,1,1,0,0
85,5,2015-04-17,8591,1048,1,1,0,0
85,6,2015-04-18,5201,709,1,0,0,0
85,7,2015-04-19,10711,1495,1,0,0,0
85,1,2015-04-20,6433,943,1,0,0,0
85,2,2015-04-21,5723,815,1,0,0,0
85,3,2015-04-22,4652,723,1,0,0,0
85,4,2015-04-23,4491,693,1,0,0,0
85,5,2015-04-24,6847,919,1,0,0,0
85,6,2015-04-25,5460,732,1,0,0,0
85,7,2015-04-26,11850,1544,1,0,0,0
85,1,2015-04-27,8744,1064,1,1,0,0
85,2,2015-04-28,7712,986,1,1,0,0
85,3,2015-04-29,7349,935,1,1,0,0
85,4,2015-04-30,9697,1252,1,1,0,0
85,5,2015-05-01,11360,1643,1,1,a,0
85,6,2015-05-02,6463,941,1,0,0,0
85,7,2015-05-03,7896,1186,1,0,0,0
85,1,2015-05-04,8766,1042,1,1,0,0
85,2,2015-05-05,6618,796,1,1,0,0
85,3,2015-05-06,6592,790,1,1,0,0
85,4,2015-05-07,6363,785,1,1,0,0
85,5,2015-05-08,6171,818,1,1,0,0
85,6,2015-05-09,4702,613,1,0,0,0
85,7,2015-05-10,13336,1633,1,0,0,0
85,1,2015-05-11,5943,854,1,0,0,0
85,2,2015-05-12,5274,761,1,0,0,0
85,3,2015-05-13,7121,1026,1,0,0,0
85,4,2015-05-14,14501,1848,1,0,a,0
85,5,2015-05-15,5902,819,1,0,0,1
85,6,2015-05-16,5458,746,1,0,0,0
85,7,2015-05-17,11456,1629,1,0,0,0
85,1,2015-05-18,8118,1011,1,1,0,0
85,2,2015-05-19,7003,887,1,1,0,0
85,3,2015-05-20,5674,745,1,1,0,0
85,4,2015-05-21,5894,777,1,1,0,0
85,5,2015-05-22,6621,918,1,1,0,0
85,6,2015-05-23,5141,684,1,0,0,0
85,7,2015-05-24,11124,1493,1,0,0,0
85,1,2015-05-25,13018,1843,1,0,a,0
85,2,2015-05-26,6888,984,1,0,0,1
85,3,2015-05-27,6272,852,1,0,0,0
85,4,2015-05-28,5399,809,1,0,0,0
85,5,2015-05-29,6678,864,1,0,0,0
85,6,2015-05-30,5958,804,1,0,0,0
85,7,2015-05-31,12040,1647,1,0,0,0
85,1,2015-06-01,9860,1114,1,1,0,0
85,2,2015-06-02,8099,1046,1,1,0,0
85,3,2015-06-03,9065,1020,1,1,0,0
85,4,2015-06-04,7352,994,1,1,0,0
85,5,2015-06-05,7349,984,1,1,0,0
85,6,2015-06-06,4996,719,1,0,0,0
85,7,2015-06-07,12728,1701,1,0,0,0
85,1,2015-06-08,6626,896,1,0,0,0
85,2,2015-06-09,6182,851,1,0,0,0
85,3,2015-06-10,5444,868,1,0,0,0
85,4,2015-06-11,5961,849,1,0,0,0
85,5,2015-06-12,6145,903,1,0,0,0
85,6,2015-06-13,4676,731,1,0,0,0
85,7,2015-06-14,12421,1610,1,0,0,0
85,1,2015-06-15,8961,1032,1,1,0,0
85,2,2015-06-16,7425,976,1,1,0,0
85,3,2015-06-17,6809,929,1,1,0,0
85,4,2015-06-18,6745,857,1,1,0,0
85,5,2015-06-19,6796,920,1,1,0,0
85,6,2015-06-20,4615,705,1,0,0,0
85,7,2015-06-21,11522,1676,1,0,0,0
85,1,2015-06-22,5944,850,1,0,0,0
85,2,2015-06-23,6086,879,1,0,0,0
85,3,2015-06-24,6067,887,1,0,0,0
85,4,2015-06-25,5968,844,1,0,0,0
85,5,2015-06-26,5524,867,1,0,0,0
85,6,2015-06-27,5339,756,1,0,0,0
85,7,2015-06-28,11055,1520,1,0,0,0
85,1,2015-06-29,8833,1009,1,1,0,0
85,2,2015-06-30,8471,1003,1,1,0,0
85,3,2015-07-01,7820,1016,1,1,0,0
85,4,2015-07-02,7553,932,1,1,0,0
85,5,2015-07-03,8581,1027,1,1,0,0
85,6,2015-07-04,5347,790,1,0,0,0
85,7,2015-07-05,12070,1734,1,0,0,0
85,1,2015-07-06,6584,919,1,0,0,0
85,2,2015-07-07,5215,827,1,0,0,0
85,3,2015-07-08,6705,886,1,0,0,0
85,4,2015-07-09,5766,855,1,0,0,0
85,5,2015-07-10,6471,898,1,0,0,0
85,6,2015-07-11,5383,657,1,0,0,0
85,7,2015-07-12,13183,1615,1,0,0,0
85,1,2015-07-13,9198,1088,1,1,0,0
85,2,2015-07-14,7626,965,1,1,0,0
85,3,2015-07-15,7476,917,1,1,0,0
85,4,2015-07-16,6985,897,1,1,0,1
85,5,2015-07-17,7750,1006,1,1,0,1
85,6,2015-07-18,5424,811,1,0,0,0
85,7,2015-07-19,13275,1633,1,0,0,0
85,1,2015-07-20,6502,935,1,0,0,1
85,2,2015-07-21,5206,791,1,0,0,1
85,3,2015-07-22,5504,821,1,0,0,1
85,4,2015-07-23,5223,802,1,0,0,1
85,5,2015-07-24,5791,831,1,0,0,1
85,6,2015-07-25,5099,834,1,0,0,0
85,7,2015-07-26,11421,1606,1,0,0,0
85,1,2015-07-27,7788,956,1,1,0,1
85,2,2015-07-28,7533,920,1,1,0,1
85,3,2015-07-29,7719,889,1,1,0,1
85,4,2015-07-30,7187,1000,1,1,0,1
85,5,2015-07-31,7791,971,1,1,0,1
262,2,2013-01-01,17267,2875,1,0,a,1
262,3,2013-01-02,16964,3113,1,0,0,1
262,4,2013-01-03,16616,2943,1,0,0,1
262,5,2013-01-04,16849,3009,1,0,0,1
262,6,2013-01-05,14868,2735,1,0,0,0
262,7,2013-01-06,23240,3479,1,0,0,0
262,1,2013-01-07,19674,2995,1,1,0,0
262,2,2013-01-08,19161,2947,1,1,0,0
262,3,2013-01-09,19113,2926,1,1,0,0
262,4,2013-01-10,18047,2964,1,1,0,0
262,5,2013-01-11,20625,3299,1,1,0,0
262,6,2013-01-12,14880,2790,1,0,0,0
262,7,2013-01-13,23011,3541,1,0,0,0
262,1,2013-01-14,16401,2838,1,0,0,0
262,2,2013-01-15,16013,2625,1,0,0,0
262,3,2013-01-16,16568,2734,1,0,0,0
262,4,2013-01-17,16275,2684,1,0,0,0
262,5,2013-01-18,16793,3082,1,0,0,0
262,6,2013-01-19,14503,2684,1,0,0,0
262,7,2013-01-20,24312,3607,1,0,0,0
262,1,2013-01-21,21341,3142,1,1,0,0
262,2,2013-01-22,18696,2838,1,1,0,0
262,3,2013-01-23,19167,2948,1,1,0,0
262,4,2013-01-24,19255,3016,1,1,0,0
262,5,2013-01-25,20718,3381,1,1,0,0
262,6,2013-01-26,15410,2731,1,0,0,0
262,7,2013-01-27,23691,3612,1,0,0,0
262,1,2013-01-28,16076,2877,1,0,0,0
262,2,2013-01-29,15451,2689,1,0,0,0
262,3,2013-01-30,16092,2780,1,0,0,0
262,4,2013-01-31,19405,3227,1,0,0,0
262,5,2013-02-01,20744,3560,1,0,0,1
262,6,2013-02-02,18423,3141,1,0,0,0
262,7,2013-02-03,28921,4144,1,0,0,0
262,1,2013-02-04,22116,3275,1,1,0,0
262,2,2013-02-05,19661,3150,1,1,0,0
262,3,2013-02-06,19249,3043,1,1,0,0
262,4,2013-02-07,18607,2994,1,1,0,0
262,5,2013-02-08,20904,3521,1,1,0,0
262,6,2013-02-09,16372,3144,1,0,0,0
262,7,2013-02-10,27154,4133,1,0,0,0
262,1,2013-02-11,17233,2971,1,0,0,0
262,2,2013-02-12,17145,2949,1,0,0,0
262,3,2013-02-13,17422,2975,1,0,0,0
262,4,2013-02-14,18620,3200,1,0,0,0
262,5,2013-02-15,18678,3376,1,0,0,0
262,6,2013-02-16,16018,2978,1,0,0,0
262,7,2013-02-17,26690,4068,1,0,0,0
262,1,2013-02-18,21216,3232,1,1,0,0
262,2,2013-02-19,18601,2956,1,1,0,0
262,3,2013-02-20,18590,3022,1,1,0,0
262,4,2013-02-21,18296,2975,1,1,0,0
262,5,2013-02-22,20788,3413,1,1,0,0
262,6,2013-02-23,15830,2942,1,0,0,0
262,7,2013-02-24,25164,3796,1,0,0,0
262,1,2013-02-25,15650,2715,1,0,0,0
262,2,2013-02-26,16495,2781,1,0,0,0
262,3,2013-02-27,16288,2717,1,0,0,0
262,4,2013-02-28,18299,3071,1,0,0,0
262,5,2013-03-01,20419,3410,1,0,0,0
262,6,2013-03-02,18411,3281,1,0,0,0
262,7,2013-03-03,29150,4314,1,0,0,0
262,1,2013-03-04,21749,3264,1,1,0,1
262,2,2013-03-05,21379,3222,1,1,0,1
262,3,2013-03-06,18989,3153,1,1,0,1
262,4,2013-03-07,19565,3092,1,1,0,1
262,5,2013-03-08,22601,3605,1,1,0,1
262,6,2013-03-09,16727,3043,1,0,0,0
262,7,2013-03-10,27094,4130,1,0,0,0
262,1,2013-03-11,18352,3086,1,0,0,1
262,2,2013-03-12,16876,2946,1,0,0,1
262,3,2013-03-13,17024,2936,1,0,0,1
262,4,2013-03-14,17209,3018,1,0,0,1
262,5,2013-03-15,18101,3255,1,0,0,1
262,6,2013-03-16,17238,3151,1,0,0,0
262,7,2013-03-17,28221,4204,1,0,0,0
262,1,2013-03-18,21903,3391,1,1,0,0
262,2,2013-03-19,20830,3300,1,1,0,0
262,3,2013-03-20,21578,3275,1,1,0,0
262,4,2013-03-21,19685,3250,1,1,0,0
262,5,2013-03-22,20043,3450,1,1,0,0
262,6,2013-03-23,16888,3163,1,0,0,0
262,7,2013-03-24,21527,3663,1,0,0,0
262,1,2013-03-25,21742,3503,1,1,0,0
262,2,2013-03-26,21557,3409,1,1,0,0
262,3,2013-03-27,22753,3543,1,1,0,0
262,4,2013-03-28,29903,4555,1,1,0,0
262,5,2013-03-29,36227,5069,1,1,b,0
262,6,2013-03-30,23672,3752,1,0,0,0
262,7,2013-03-31,25672,3869,1,0,0,0
262,1,2013-04-01,33326,5013,1,0,b,0
262,2,2013-04-02,20036,3554,1,0,0,0
262,3,2013-04-03,18063,3139,1,0,0,0
262,4,2013-04-04,17155,3027,1,0,0,0
262,5,2013-04-05,18290,3327,1,0,0,0
262,6,2013-04-06,17609,3277,1,0,0,0
262,7,2013-04-07,27342,4153,1,0,0,0
262,1,2013-04-08,21475,3298,1,1,0,0
262,2,2013-04-09,19328,3163,1,1,0,0
262,3,2013-04-10,18839,3148,1,1,0,0
262,4,2013-04-11,18917,3125,1,1,0,0
262,5,2013-04-12,20245,3568,1,1,0,0
262,6,2013-04-13,16820,3267,1,0,0,0
262,7,2013-04-14,25986,4274,1,0,0,0
262,1,2013-04-15,16561,3000,1,0,0,0
262,2,2013-04-16,15380,2783,1,0,0,0
262,3,2013-04-17,16105,2831,1,0,0,0
262,4,2013-04-18,16319,2945,1,0,0,0
262,5,2013-04-19,18418,3343,1,0,0,0
262,6,2013-04-20,16757,3235,1,0,0,0
262,7,2013-04-21,25876,4300,1,0,0,0
262,1,2013-04-22,20443,3339,1,1,0,0
262,2,2013-04-23,18598,3079,1,1,0,0
262,3,2013-04-24,18518,2996,1,1,0,0
262,4,2013-04-25,18095,3065,1,1,0,0
262,5,2013-04-26,23289,3880,1,1,0,0
262,6,2013-04-27,17931,3187,1,0,0,0
262,7,2013-04-28,28026,4309,1,0,0,0
262,1,2013-04-29,22098,3428,1,1,0,0
262,2,2013-04-30,24377,3719,1,1,0,0
262,3,2013-05-01,33151,5106,1,1,a,0
262,4,2013-05-02,25478,4491,1,1,0,1
262,5,2013-05-03,24444,4482,1,1,0,1
262,6,2013-05-04,19723,4227,1,0,0,0
262,7,2013-05-05,27559,4735,1,0,0,0
262,1,2013-05-06,19007,3270,1,0,0,1
262,2,2013-05-07,20605,3535,1,0,0,1
262,3,2013-05-08,20465,3562,1,0,0,1
262,4,2013-05-09,34133,5090,1,0,a,1
262,5,2013-05-10,21238,3697,1,0,0,1
262,6,2013-05-11,18241,3473,1,0,0,0
262,7,2013-05-12,29031,4638,1,0,0,0
262,1,2013-05-13,22935,3679,1,1,0,0
262,2,2013-05-14,20422,3102,1,1,0,0
262,3,2013-05-15,19957,3292,1,1,0,0
262,4,2013-05-16,19617,3229,1,1,0,0
262,5,2013-05-17,20882,3906,1,1,0,0
262,6,2013-05-18,19787,3696,1,0,0,0
262,7,2013-05-19,33357,5024,1,0,0,0
262,1,2013-05-20,31157,4823,1,0,a,0
262,2,2013-05-21,20675,3713,1,0,0,0
262,3,2013-05-22,20277,3296,1,0,0,0
262,4,2013-05-23,19012,3171,1,0,0,0
262,5,2013-05-24,19870,3472,1,0,0,0
262,6,2013-05-25,17328,3237,1,0,0,0
262,7,2013-05-26,26695,4121,1,0,0,0
262,1,2013-05-27,22174,3340,1,1,0,0
262,2,2013-05-28,19651,3015,1,1,0,0
262,3,2013-05-29,20397,3279,1,1,0,0
262,4,2013-05-30,20226,3368,1,1,0,0
262,5,2013-05-31,23934,3965,1,1,0,0
262,6,2013-06-01,19346,3375,1,0,0,0
262,7,2013-06-02,30064,4533,1,0,0,0
262,1,2013-06-03,22456,3473,1,1,0,0
262,2,2013-06-04,20700,3243,1,1,0,0
262,3,2013-06-05,19246,3306,1,1,0,0
262,4,2013-06-06,19540,3354,1,1,0,0
262,5,2013-06-07,23580,3851,1,1,0,0
262,6,2013-06-08,18495,3410,1,0,0,0
262,7,2013-06-09,27578,4375,1,0,0,0
262,1,2013-06-10,18479,3303,1,0,0,0
262,2,2013-06-11,16628,2968,1,0,0,0
262,3,2013-06-12,17231,3092,1,0,0,0
262,4,2013-06-13,19263,3295,1,0,0,0
262,5,2013-06-14,20150,3518,1,0,0,0
262,6,2013-06-15,18499,3236,1,0,0,0
262,7,2013-06-16,24198,3879,1,0,0,0
262,1,2013-06-17,21387,3575,1,1,0,0
262,2,2013-06-18,19916,3466,1,1,0,0
262,3,2013-06-19,19979,3644,1,1,0,0
262,4,2013-06-20,23173,3531,1,1,0,1
262,5,2013-06-21,21125,3673,1,1,0,1
262,6,2013-06-22,16969,3285,1,0,0,0
262,7,2013-06-23,29414,4498,1,0,0,0
262,1,2013-06-24,18401,3113,1,0,0,1
262,2,2013-06-25,17398,3095,1,0,0,1
262,3,2013-06-26,17944,3047,1,0,0,1
262,4,2013-06-27,18033,3002,1,0,0,1
262,5,2013-06-28,20333,3558,1,0,0,1
262,6,2013-06-29,18759,3190,1,0,0,0
262,7,2013-06-30,31810,4596,1,0,0,0
262,1,2013-07-01,22448,3472,1,1,0,1
262,2,2013-07-02,19840,3208,1,1,0,1
262,3,2013-07-03,18877,3268,1,1,0,1
262,4,2013-07-04,20904,3321,1,1,0,1
262,5,2013-07-05,20559,3533,1,1,0,1
262,6,2013-07-06,16230,3130,1,0,0,0
262,7,2013-07-07,28075,4566,1,0,0,0
262,1,2013-07-08,17833,3268,1,0,0,1
262,2,2013-07-09,17979,3070,1,0,0,1
262,3,2013-07-10,16455,2923,1,0,0,1
262,4,2013-07-11,15916,2847,1,0,0,1
262,5,2013-07-12,16670,3173,1,0,0,1
262,6,2013-07-13,16446,3108,1,0,0,0
262,7,2013-07-14,30112,4560,1,0,0,0
262,1,2013-07-15,20251,3220,1,1,0,1
262,2,2013-07-16,18642,3082,1,1,0,1
262,3,2013-07-17,18036,2997,1,1,0,1
262,4,2013-07-18,18721,3166,1,1,0,1
262,5,2013-07-19,19699,3430,1,1,0,1
262,6,2013-07-20,17014,3439,1,0,0,0
262,7,2013-07-21,27547,4840,1,0,0,0
262,1,2013-07-22,18258,3461,1,0,0,1
262,2,2013-07-23,16786,3349,1,0,0,1
262,3,2013-07-24,16635,3065,1,0,0,1
262,4,2013-07-25,17451,3140,1,0,0,1
262,5,2013-07-26,18823,3552,1,0,0,1
262,6,2013-07-27,16600,3335,1,0,0,0
262,7,2013-07-28,28107,4747,1,0,0,0
262,1,2013-07-29,22661,3699,1,1,0,1
262,2,2013-07-30,21136,3418,1,1,0,1
262,3,2013-07-31,21140,3516,1,1,0,1
262,4,2013-08-01,21068,3757,1,1,0,0
262,5,2013-08-02,23276,4560,1,1,0,0
262,6,2013-08-03,20319,4201,1,0,0,0
262,7,2013-08-04,32252,5112,1,0,0,0
262,1,2013-08-05,18220,3597,1,0,0,0
262,2,2013-08-06,17947,3219,1,0,0,0
262,3,2013-08-07,16481,3150,1,0,0,0
262,4,2013-08-08,16571,3030,1,0,0,0
262,5,2013-08-09,18300,3399,1,0,0,0
262,6,2013-08-10,16958,3263,1,0,0,0
262,7,2013-08-11,29977,4549,1,0,0,0
262,1,2013-08-12,23096,3452,1,1,0,0
262,2,2013-08-13,20216,3214,1,1,0,0
262,3,2013-08-14,19875,3304,1,1,0,0
262,4,2013-08-15,18969,3280,1,1,0,0
262,5,2013-08-16,20644,3813,1,1,0,0
262,6,2013-08-17,16942,3444,1,0,0,0
262,7,2013-08-18,29526,4855,1,0,0,0
262,1,2013-08-19,18204,3294,1,0,0,0
262,2,2013-08-20,16369,2942,1,0,0,0
262,3,2013-08-21,14993,2818,1,0,0,0
262,4,2013-08-22,16322,2903,1,0,0,0
262,5,2013-08-23,17864,3354,1,0,0,0
262,6,2013-08-24,16895,3407,1,0,0,0
262,7,2013-08-25,26015,4453,1,0,0,0
262,1,2013-08-26,20557,3329,1,1,0,0
262,2,2013-08-27,19737,3013,1,1,0,0
262,3,2013-08-28,18477,3116,1,1,0,0
262,4,2013-08-29,19695,3238,1,1,0,0
262,5,2013-08-30,23562,3912,1,1,0,0
262,6,2013-08-31,19229,3650,1,0,0,0
262,7,2013-09-01,32926,5145,1,0,0,0
262,1,2013-09-02,20359,3440,1,0,0,0
262,2,2013-09-03,17846,2945,1,0,0,0
262,3,2013-09-04,17708,2929,1,0,0,0
262,4,2013-09-05,18722,2914,1,0,0,0
262,5,2013-09-06,17526,3496,1,0,0,0
262,6,2013-09-07,15240,3171,1,0,0,0
262,7,2013-09-08,29873,4515,1,0,0,0
262,1,2013-09-09,24792,3694,1,1,0,0
262,2,2013-09-10,20491,3230,1,1,0,0
262,3,2013-09-11,20195,3177,1,1,0,0
262,4,2013-09-12,19632,3097,1,1,0,0
262,5,2013-09-13,20289,3499,1,1,0,0
262,6,2013-09-14,18205,3348,1,0,0,0
262,7,2013-09-15,28155,4403,1,0,0,0
262,1,2013-09-16,18848,3230,1,0,0,0
262,2,2013-09-17,16206,2841,1,0,0,0
262,3,2013-09-18,16048,2898,1,0,0,0
262,4,2013-09-19,15744,2876,1,0,0,0
262,5,2013-09-20,18532,3327,1,0,0,0
262,6,2013-09-21,14873,2927,1,0,0,0
262,7,2013-09-22,25985,4019,1,0,0,0
262,1,2013-09-23,18978,3134,1,1,0,0
262,2,2013-09-24,17880,3082,1,1,0,0
262,3,2013-09-25,17578,3065,1,1,0,0
262,4,2013-09-26,18811,3107,1,1,0,0
262,5,2013-09-27,20232,3448,1,1,0,0
262,6,2013-09-28,16897,3106,1,0,0,0
262,7,2013-09-29,22704,3729,1,0,0,0
262,1,2013-09-30,19279,3239,1,0,0,1
262,2,2013-10-01,18395,2965,1,0,0,1
262,3,2013-10-02,19501,3407,1,0,0,1
262,4,2013-10-03,34369,4925,1,0,a,1
262,5,2013-10-04,20959,3671,1,0,0,1
262,6,2013-10-05,15986,3059,1,0,0,0
262,7,2013-10-06,28800,4390,1,0,0,0
262,1,2013-10-07,21749,3371,1,1,0,1
262,2,2013-10-08,21118,3244,1,1,0,1
262,3,2013-10-09,19969,3154,1,1,0,1
262,4,2013-10-10,19602,3182,1,1,0,1
262,5,2013-10-11,20506,3463,1,1,0,1
262,6,2013-10-12,17076,3117,1,0,0,0
262,7,2013-10-13,29322,4310,1,0,0,0
262,1,2013-10-14,17888,3117,1,0,0,0
262,2,2013-10-15,16483,2878,1,0,0,0
262,3,2013-10-16,17632,3014,1,0,0,0
262,4,2013-10-17,17753,3179,1,0,0,0
262,5,2013-10-18,18767,3377,1,0,0,0
262,6,2013-10-19,15794,2984,1,0,0,0
262,7,2013-10-20,27900,4271,1,0,0,0
262,1,2013-10-21,17791,3074,1,1,0,0
262,2,2013-10-22,17488,2970,1,1,0,0
262,3,2013-10-23,17697,2915,1,1,0,0
262,4,2013-10-24,17036,2995,1,1,0,0
262,5,2013-10-25,19374,3549,1,1,0,0
262,6,2013-10-26,15495,2951,1,0,0,0
262,7,2013-10-27,27372,4394,1,0,0,0
262,1,2013-10-28,18066,3283,1,0,0,0
262,2,2013-10-29,16949,2940,1,0,0,0
262,3,2013-10-30,17428,2931,1,0,0,0
262,4,2013-10-31,19786,3268,1,0,0,0
262,5,2013-11-01,20995,3611,1,0,0,0
262,6,2013-11-02,17936,3466,1,0,0,0
262,7,2013-11-03,23112,3730,1,0,0,0
262,1,2013-11-04,24194,3725,1,1,0,0
262,2,2013-11-05,21349,3142,1,1,0,0
262,3,2013-11-06,22016,3214,1,1,0,0
262,4,2013-11-07,18637,3000,1,1,0,0
262,5,2013-11-08,20955,3611,1,1,0,0
262,6,2013-11-09,17132,3056,1,0,0,0
262,7,2013-11-10,27797,4298,1,0,0,0
262,1,2013-11-11,17151,2923,1,0,0,0
262,2,2013-11-12,16268,2909,1,0,0,0
262,3,2013-11-13,15084,2717,1,0,0,0
262,4,2013-11-14,15922,2819,1,0,0,0
262,5,2013-11-15,17827,3298,1,0,0,0
262,6,2013-11-16,15740,2926,1,0,0,0
262,7,2013-11-17,26878,4053,1,0,0,0
262,1,2013-11-18,20520,3016,1,1,0,0
262,2,2013-11-19,18557,2874,1,1,0,0
262,3,2013-11-20,19409,2973,1,1,0,0
262,4,2013-11-21,18752,3016,1,1,0,0
262,5,2013-11-22,20664,3488,1,1,0,0
262,6,2013-11-23,15677,3003,1,0,0,0
262,7,2013-11-24,28215,4249,1,0,0,0
262,1,2013-11-25,17607,2914,1,0,0,0
262,2,2013-11-26,16598,2768,1,0,0,0
262,3,2013-11-27,17515,2871,1,0,0,0
262,4,2013-11-28,18502,3064,1,0,0,0
262,5,2013-11-29,24384,3944,1,0,0,0
262,6,2013-11-30,23457,3878,1,0,0,0
262,7,2013-12-01,34904,4894,1,0,0,0
262,1,2013-12-02,24820,3600,1,1,0,0
262,2,2013-12-03,23095,3445,1,1,0,0
262,3,2013-12-04,23766,3448,1,1,0,0
262,4,2013-12-05,24264,3375,1,1,0,0
262,5,2013-12-06,22502,3407,1,1,0,0
262,6,2013-12-07,21302,3735,1,0,0,0
262,7,2013-12-08,31393,4630,1,0,0,0
262,1,2013-12-09,20249,3303,1,0,0,0
262,2,2013-12-10,17486,2988,1,0,0,0
262,3,2013-12-11,18905,3077,1,0,0,0
262,4,2013-12-12,18783,3065,1,0,0,0
262,5,2013-12-13,21470,3538,1,0,0,0
262,6,2013-12-14,21404,3747,1,0,0,0
262,7,2013-12-15,32058,4609,1,0,0,0
262,1,2013-12-16,25995,3734,1,1,0,0
262,2,2013-12-17,24603,3544,1,1,0,0
262,3,2013-12-18,25818,3601,1,1,0,0
262,4,2013-12-19,25076,3754,1,1,0,1
262,5,2013-12-20,26263,3989,1,1,0,1
262,6,2013-12-21,21998,3606,1,0,0,0
262,7,2013-12-22,37376,4916,1,0,0,0
262,1,2013-12-23,28860,4314,1,0,0,1
262,2,2013-12-24,16016,2295,1,0,0,1
262,3,2013-12-25,24245,3445,1,0,c,1
262,4,2013-12-26,28800,3960,1,0,c,1
262,5,2013-12-27,19984,3357,1,0,0,1
262,6,2013-12-28,18048,3128,1,0,0,0
262,7,2013-12-29,31759,4479,1,0,0,0
262,1,2013-12-30,23541,3772,1,0,0,1
262,2,2013-12-31,21502,3155,1,0,0,1
262,3,2014-01-01,19637,3159,1,0,a,1
262,4,2014-01-02,18179,3162,1,0,0,1
262,5,2014-01-03,17037,2927,1,0,0,1
262,6,2014-01-04,15771,2860,1,0,0,0
262,7,2014-01-05,25276,3767,1,0,0,0
262,1,2014-01-06,21127,3160,1,1,0,0
262,2,2014-01-07,18421,2897,1,1,0,0
262,3,2014-01-08,18829,2914,1,1,0,0
262,4,2014-01-09,18674,2825,1,1,0,0
262,5,2014-01-10,21171,3294,1,1,0,0
262,6,2014-01-11,15509,2780,1,0,0,0
262,7,2014-01-12,25125,3872,1,0,0,0
262,1,2014-01-13,16601,2919,1,0,0,0
262,2,2014-01-14,15945,2673,1,0,0,0
262,3,2014-01-15,15727,2758,1,0,0,0
262,4,2014-01-16,15743,2703,1,0,0,0
262,5,2014-01-17,17132,3071,1,0,0,0
262,6,2014-01-18,15557,2907,1,0,0,0
262,7,2014-01-19,25586,3917,1,0,0,0
262,1,2014-01-20,20281,2996,1,1,0,0
262,2,2014-01-21,18743,2844,1,1,0,0
262,3,2014-01-22,18821,2937,1,1,0,0
262,4,2014-01-23,18306,2890,1,1,0,0
262,5,2014-01-24,20217,3322,1,1,0,0
262,6,2014-01-25,15813,2747,1,0,0,0
262,7,2014-01-26,25107,3769,1,0,0,0
262,1,2014-01-27,15433,2742,1,0,0,0
262,2,2014-01-28,16316,2764,1,0,0,0
262,3,2014-01-29,16629,2812,1,0,0,0
262,4,2014-01-30,16634,2880,1,0,0,0
262,5,2014-01-31,20699,3433,1,0,0,0
262,6,2014-02-01,18937,3237,1,0,0,0
262,7,2014-02-02,30507,4381,1,0,0,0
262,1,2014-02-03,23194,3404,1,1,0,0
262,2,2014-02-04,20618,3092,1,1,0,0
262,3,2014-02-05,19773,2992,1,1,0,0
262,4,2014-02-06,18686,2941,1,1,0,0
262,5,2014-02-07,22242,3628,1,1,0,0
262,6,2014-02-08,16745,3121,1,0,0,0
262,7,2014-02-09,27216,4298,1,0,0,0
262,1,2014-02-10,16690,2955,1,0,0,0
262,2,2014-02-11,15394,2672,1,0,0,0
262,3,2014-02-12,15520,2795,1,0,0,0
262,4,2014-02-13,18327,3049,1,0,0,0
262,5,2014-02-14,20474,3601,1,0,0,0
262,6,2014-02-15,15763,3020,1,0,0,0
262,7,2014-02-16,26566,4142,1,0,0,0
262,1,2014-02-17,20106,3156,1,1,0,0
262,2,2014-02-18,19041,3091,1,1,0,0
262,3,2014-02-19,18667,2957,1,1,0,0
262,4,2014-02-20,17228,2836,1,1,0,0
262,5,2014-02-21,21267,3525,1,1,0,0
262,6,2014-02-22,16955,3032,1,0,0,0
262,7,2014-02-23,28356,4320,1,0,0,0
262,1,2014-02-24,15953,2861,1,0,0,0
262,2,2014-02-25,15620,2708,1,0,0,0
262,3,2014-02-26,16506,2807,1,0,0,0
262,4,2014-02-27,15866,2834,1,0,0,0
262,5,2014-02-28,20877,3614,1,0,0,0
262,6,2014-03-01,18362,3397,1,0,0,0
262,7,2014-03-02,31773,4742,1,0,0,0
262,1,2014-03-03,21367,3379,1,1,0,1
262,2,2014-03-04,19911,3112,1,1,0,1
262,3,2014-03-05,20023,3067,1,1,0,1
262,4,2014-03-06,20105,3007,1,1,0,1
262,5,2014-03-07,19574,3511,1,1,0,1
262,6,2014-03-08,16777,3178,1,0,0,0
262,7,2014-03-09,27287,4652,1,0,0,0
262,1,2014-03-10,15319,2934,1,0,0,1
262,2,2014-03-11,15133,2712,1,0,0,1
262,3,2014-03-12,14600,2760,1,0,0,1
262,4,2014-03-13,15328,2758,1,0,0,1
262,5,2014-03-14,18640,3295,1,0,0,1
262,6,2014-03-15,17217,2982,1,0,0,0
262,7,2014-03-16,27345,4352,1,0,0,0
262,1,2014-03-17,20331,3214,1,1,0,0
262,2,2014-03-18,18191,2937,1,1,0,0
262,3,2014-03-19,17467,2938,1,1,0,0
262,4,2014-03-20,16597,2896,1,1,0,0
262,5,2014-03-21,22598,3793,1,1,0,0
262,6,2014-03-22,15749,2980,1,0,0,0
262,7,2014-03-23,26977,4342,1,0,0,0
262,1,2014-03-24,16454,2936,1,0,0,0
262,2,2014-03-25,15542,2730,1,0,0,0
262,3,2014-03-26,15514,2759,1,0,0,0
262,4,2014-03-27,16935,3000,1,0,0,0
262,5,2014-03-28,19327,3359,1,0,0,0
262,6,2014-03-29,16776,3162,1,0,0,0
262,7,2014-03-30,25897,4262,1,0,0,0
262,1,2014-03-31,22545,3443,1,1,0,0
262,2,2014-04-01,21667,3204,1,1,0,0
262,3,2014-04-02,20226,3171,1,1,0,0
262,4,2014-04-03,20429,3250,1,1,0,0
262,5,2014-04-04,26465,4439,1,1,0,0
262,6,2014-04-05,17673,3242,1,0,0,0
262,7,2014-04-06,22624,3837,1,0,0,0
262,1,2014-04-07,17117,3059,1,0,0,0
262,2,2014-04-08,17914,3279,1,0,0,0
262,3,2014-04-09,16936,2985,1,0,0,0
262,4,2014-04-10,17538,3002,1,0,0,0
262,5,2014-04-11,18711,3386,1,0,0,0
262,6,2014-04-12,18964,3436,1,0,0,0
262,7,2014-04-13,30294,4590,1,0,0,0
262,1,2014-04-14,24228,3650,1,1,0,0
262,2,2014-04-15,22526,3580,1,1,0,0
262,3,2014-04-16,22128,3603,1,1,0,0
262,4,2014-04-17,27118,4269,1,1,0,0
262,5,2014-04-18,35909,5063,1,1,b,0
262,6,2014-04-19,20465,3747,1,0,0,0
262,7,2014-04-20,25562,4152,1,0,0,0
262,1,2014-04-21,30848,5028,1,0,b,0
262,2,2014-04-22,18360,3503,1,0,0,0
262,3,2014-04-23,18733,3360,1,0,0,0
262,4,2014-04-24,16872,3032,1,0,0,0
262,5,2014-04-25,17599,3283,1,0,0,0
262,6,2014-04-26,15923,3134,1,0,0,0
262,7,2014-04-27,27641,4440,1,0,0,0
262,1,2014-04-28,20037,3200,1,1,0,1
262,2,2014-04-29,20383,3097,1,1,0,1
262,3,2014-04-30,24578,3815,1,1,0,1
262,4,2014-05-01,34814,4931,1,1,a,1
262,5,2014-05-02,23463,3751,1,1,0,1
262,6,2014-05-03,17376,3334,1,0,0,0
262,7,2014-05-04,28714,4587,1,0,0,0
262,1,2014-05-05,22166,3392,1,1,0,0
262,2,2014-05-06,20709,3161,1,1,0,0
262,3,2014-05-07,20015,3251,1,1,0,0
262,4,2014-05-08,20984,3493,1,1,0,0
262,5,2014-05-09,24389,4119,1,1,0,0
262,6,2014-05-10,22067,4068,1,0,0,0
262,7,2014-05-11,32347,5034,1,0,0,0
262,1,2014-05-12,20323,3531,1,0,0,0
262,2,2014-05-13,17729,3085,1,0,0,0
262,3,2014-05-14,16875,2968,1,0,0,0
262,4,2014-05-15,17479,3141,1,0,0,0
262,5,2014-05-16,18832,3496,1,0,0,0
262,6,2014-05-17,17203,3310,1,0,0,0
262,7,2014-05-18,29485,4639,1,0,0,0
262,1,2014-05-19,21386,3318,1,1,0,0
262,2,2014-05-20,19351,3254,1,1,0,0
262,3,2014-05-21,18857,3413,1,1,0,0
262,4,2014-05-22,18899,3379,1,1,0,0
262,5,2014-05-23,22000,3888,1,1,0,0
262,6,2014-05-24,17103,3354,1,0,0,0
262,7,2014-05-25,28967,4702,1,0,0,0
262,1,2014-05-26,17729,3151,1,0,0,0
262,2,2014-05-27,18466,3019,1,0,0,0
262,3,2014-05-28,21626,3613,1,0,0,0
262,4,2014-05-29,37403,5297,1,0,a,0
262,5,2014-05-30,22340,3774,1,0,0,1
262,6,2014-05-31,19896,3475,1,0,0,0
262,7,2014-06-01,33800,4754,1,0,0,0
262,1,2014-06-02,23636,3606,1,1,0,0
262,2,2014-06-03,20827,3315,1,1,0,0
262,3,2014-06-04,20641,3423,1,1,0,0
262,4,2014-06-05,21536,3499,1,1,0,0
262,5,2014-06-06,23132,3933,1,1,0,0
262,6,2014-06-07,20084,3874,1,0,0,0
262,7,2014-06-08,32605,5014,1,0,0,0
262,1,2014-06-09,34692,5387,1,0,a,0
262,2,2014-06-10,19585,3586,1,0,0,0
262,3,2014-06-11,18495,3161,1,0,0,0
262,4,2014-06-12,17218,3067,1,0,0,0
262,5,2014-06-13,19940,3472,1,0,0,0
262,6,2014-06-14,17441,3125,1,0,0,0
262,7,2014-06-15,27954,4434,1,0,0,0
262,1,2014-06-16,20558,3234,1,1,0,0
262,2,2014-06-17,19567,3226,1,1,0,0
262,3,2014-06-18,19379,3128,1,1,0,0
262,4,2014-06-19,19960,3342,1,1,0,0
262,5,2014-06-20,21053,3659,1,1,0,0
262,6,2014-06-21,16235,2992,1,0,0,0
262,7,2014-06-22,28880,4394,1,0,0,0
262,1,2014-06-23,16750,3048,1,0,0,0
262,2,2014-06-24,16094,2869,1,0,0,0
262,3,2014-06-25,16715,2951,1,0,0,0
262,4,2014-06-26,16815,3007,1,0,0,0
262,5,2014-06-27,21040,3677,1,0,0,0
262,6,2014-06-28,17724,3394,1,0,0,0
262,7,2014-06-29,30026,4551,1,0,0,0
262,1,2014-06-30,23626,3570,1,1,0,0
262,2,2014-07-01,20417,3155,1,1,0,0
262,3,2014-07-02,21443,3248,1,1,0,0
262,4,2014-07-03,20091,3292,1,1,0,0
262,5,2014-07-04,19423,3712,1,1,0,0
262,6,2014-07-05,16993,3358,1,0,0,0
262,7,2014-07-06,24931,4232,1,0,0,0
262,1,2014-07-07,17992,3235,1,0,0,0
262,2,2014-07-08,18950,3311,1,0,0,0
262,3,2014-07-09,16064,3075,1,0,0,0
262,4,2014-07-10,18484,3380,1,0,0,1
262,5,2014-07-11,18930,3525,1,0,0,1
262,6,2014-07-12,18198,3266,1,0,0,0
262,7,2014-07-13,29151,4600,1,0,0,0
262,1,2014-07-14,19150,3161,1,1,0,1
262,2,2014-07-15,18869,3120,1,1,0,1
262,3,2014-07-16,19232,3113,1,1,0,1
262,4,2014-07-17,19423,3200,1,1,0,1
262,5,2014-07-18,20490,3698,1,1,0,1
262,6,2014-07-19,17676,3465,1,0,0,0
262,7,2014-07-20,28213,4914,1,0,0,0
262,1,2014-07-21,17703,3332,1,0,0,1
262,2,2014-07-22,16126,2971,1,0,0,1
262,3,2014-07-23,15432,2911,1,0,0,1
262,4,2014-07-24,16610,3008,1,0,0,1
262,5,2014-07-25,16918,3112,1,0,0,1
262,6,2014-07-26,16226,3148,1,0,0,0
262,7,2014-07-27,27926,4815,1,0,0,0
262,1,2014-07-28,21022,3499,1,1,0,1
262,2,2014-07-29,19386,3326,1,1,0,1
262,3,2014-07-30,18634,3011,1,1,0,1
262,4,2014-07-31,20447,3308,1,1,0,1
262,5,2014-08-01,22336,3786,1,1,0,1
262,6,2014-08-02,19920,4210,1,0,0,0
262,7,2014-08-03,30097,4920,1,0,0,0
262,1,2014-08-04,20103,3449,1,1,0,1
262,2,2014-08-05,19051,3236,1,1,0,1
262,3,2014-08-06,18572,3306,1,1,0,1
262,4,2014-08-07,18946,3288,1,1,0,1
262,5,2014-08-08,20464,3545,1,1,0,1
262,6,2014-08-09,16361,3102,1,0,0,0
262,7,2014-08-10,28108,4517,1,0,0,0
262,1,2014-08-11,17464,3133,1,0,0,1
262,2,2014-08-12,17093,3069,1,0,0,1
262,3,2014-08-13,16041,3043,1,0,0,1
262,4,2014-08-14,17167,3086,1,0,0,1
262,5,2014-08-15,18022,3401,1,0,0,1
262,6,2014-08-16,16867,3269,1,0,0,0
262,7,2014-08-17,30502,4687,1,0,0,0
262,1,2014-08-18,21267,3501,1,1,0,1
262,2,2014-08-19,20582,3375,1,1,0,1
262,3,2014-08-20,19986,3379,1,1,0,1
262,4,2014-08-21,19087,3263,1,1,0,0
262,5,2014-08-22,20505,3640,1,1,0,0
262,6,2014-08-23,16497,3145,1,0,0,0
262,7,2014-08-24,30011,4650,1,0,0,0
262,1,2014-08-25,18466,3183,1,0,0,0
262,2,2014-08-26,17235,3027,1,0,0,0
262,3,2014-08-27,15873,2861,1,0,0,0
262,4,2014-08-28,16427,3102,1,0,0,0
262,5,2014-08-29,20837,3675,1,0,0,0
262,6,2014-08-30,18265,3526,1,0,0,0
262,7,2014-08-31,33913,4821,1,0,0,0
262,1,2014-09-01,21987,3419,1,1,0,0
262,2,2014-09-02,20678,3219,1,1,0,0
262,3,2014-09-03,20249,3239,1,1,0,0
262,4,2014-09-04,19420,3288,1,1,0,0
262,5,2014-09-05,19900,3629,1,1,0,0
262,6,2014-09-06,17236,3343,1,0,0,0
262,7,2014-09-07,29599,4496,1,0,0,0
262,1,2014-09-08,17374,3047,1,0,0,0
262,2,2014-09-09,16566,2993,1,0,0,0
262,3,2014-09-10,16752,2843,1,0,0,0
262,4,2014-09-11,15608,2732,1,0,0,0
262,5,2014-09-12,18228,3188,1,0,0,0
262,6,2014-09-13,16094,2945,1,0,0,0
262,7,2014-09-14,27782,4376,1,0,0,0
262,1,2014-09-15,18869,3096,1,1,0,0
262,2,2014-09-16,17300,2916,1,1,0,0
262,3,2014-09-17,16879,2964,1,1,0,0
262,4,2014-09-18,16660,2857,1,1,0,0
262,5,2014-09-19,19004,3388,1,1,0,0
262,6,2014-09-20,14809,3101,1,0,0,0
262,7,2014-09-21,29777,4477,1,0,0,0
262,1,2014-09-22,17723,3000,1,0,0,0
262,2,2014-09-23,15296,2694,1,0,0,0
262,3,2014-09-24,15992,2850,1,0,0,0
262,4,2014-09-25,15393,2729,1,0,0,0
262,5,2014-09-26,18574,3238,1,0,0,0
262,6,2014-09-27,15865,2893,1,0,0,0
262,7,2014-09-28,21416,3670,1,0,0,0
262,1,2014-09-29,19018,3065,1,1,0,0
262,2,2014-09-30,20874,3169,1,1,0,0
262,3,2014-10-01,21526,3161,1,1,0,0
262,4,2014-10-02,23907,3788,1,1,0,0
262,5,2014-10-03,35702,5494,1,1,a,0
262,6,2014-10-04,19274,3454,1,0,0,0
262,7,2014-10-05,30280,4477,1,0,0,0
262,1,2014-10-06,19610,3253,1,1,0,0
262,2,2014-10-07,19863,3241,1,1,0,0
262,3,2014-10-08,18526,3023,1,1,0,0
262,4,2014-10-09,17986,2980,1,1,0,0
262,5,2014-10-10,20638,3381,1,1,0,0
262,6,2014-10-11,15927,2960,1,0,0,0
262,7,2014-10-12,29434,4331,1,0,0,0
262,1,2014-10-13,17829,2973,1,0,0,1
262,2,2014-10-14,16372,2810,1,0,0,1
262,3,2014-10-15,13431,2255,1,0,0,1
262,4,2014-10-16,17037,2891,1,0,0,1
262,5,2014-10-17,16801,3081,1,0,0,1
262,6,2014-10-18,13210,2320,1,0,0,0
262,7,2014-10-19,24246,3832,1,0,0,0
262,1,2014-10-20,18912,3080,1,1,0,1
262,2,2014-10-21,17329,2912,1,1,0,1
262,3,2014-10-22,18182,2850,1,1,0,1
262,4,2014-10-23,17514,2978,1,1,0,1
262,5,2014-10-24,18357,3153,1,1,0,1
262,6,2014-10-25,15651,2834,1,0,0,0
262,7,2014-10-26,28614,4472,1,0,0,0
262,1,2014-10-27,16559,2931,1,0,0,0
262,2,2014-10-28,16092,2808,1,0,0,0
262,3,2014-10-29,18268,2985,1,0,0,0
262,4,2014-10-30,17539,2972,1,0,0,0
262,5,2014-10-31,19491,3418,1,0,0,0
262,6,2014-11-01,15962,3011,1,0,0,0
262,7,2014-11-02,22090,3745,1,0,0,0
262,1,2014-11-03,21364,3200,1,1,0,0
262,2,2014-11-04,20062,3043,1,1,0,0
262,3,2014-11-05,19415,3018,1,1,0,0
262,4,2014-11-06,16361,2603,1,1,0,0
262,5,2014-11-07,18840,2976,1,1,0,0
262,6,2014-11-08,15203,2522,1,0,0,0
262,7,2014-11-09,27753,3950,1,0,0,0
262,1,2014-11-10,18491,2913,1,1,0,0
262,2,2014-11-11,20055,3018,1,1,0,0
262,3,2014-11-12,18536,2841,1,1,0,0
262,4,2014-11-13,18564,2914,1,1,0,0
262,5,2014-11-14,20765,3477,1,1,0,0
262,6,2014-11-15,16901,3033,1,0,0,0
262,7,2014-11-16,28760,4253,1,0,0,0
262,1,2014-11-17,16966,2887,1,0,0,0
262,2,2014-11-18,17138,2721,1,0,0,0
262,3,2014-11-19,16488,2687,1,0,0,0
262,4,2014-11-20,15942,2763,1,0,0,0
262,5,2014-11-21,18217,3238,1,0,0,0
262,6,2014-11-22,18039,3166,1,0,0,0
262,7,2014-11-23,28544,4436,1,0,0,0
262,1,2014-11-24,20200,3032,1,1,0,0
262,2,2014-11-25,20361,3002,1,1,0,0
262,3,2014-11-26,19915,3021,1,1,0,0
262,4,2014-11-27,20900,3178,1,1,0,0
262,5,2014-11-28,26039,3873,1,1,0,0
262,6,2014-11-29,22892,3644,1,0,0,0
262,7,2014-11-30,36417,4816,1,0,0,0
262,1,2014-12-01,24412,3608,1,1,0,0
262,2,2014-12-02,22569,3295,1,1,0,0
262,3,2014-12-03,22305,3357,1,1,0,0
262,4,2014-12-04,22263,3422,1,1,0,0
262,5,2014-12-05,30428,4378,1,1,0,0
262,6,2014-12-06,21182,3672,1,0,0,0
262,7,2014-12-07,31984,4710,1,0,0,0
262,1,2014-12-08,19465,3137,1,0,0,0
262,2,2014-12-09,18186,2940,1,0,0,0
262,3,2014-12-10,18416,2999,1,0,0,0
262,4,2014-12-11,19006,2992,1,0,0,0
262,5,2014-12-12,20067,3438,1,0,0,0
262,6,2014-12-13,19904,3647,1,0,0,0
262,7,2014-12-14,32854,4628,1,0,0,0
262,1,2014-12-15,25921,3548,1,1,0,0
262,2,2014-12-16,22522,3222,1,1,0,0
262,3,2014-12-17,23615,3545,1,1,0,0
262,4,2014-12-18,24286,3573,1,1,0,0
262,5,2014-12-19,26390,4000,1,1,0,0
262,6,2014-12-20,21965,3794,1,0,0,0
262,7,2014-12-21,37122,4962,1,0,0,0
262,1,2014-12-22,27522,4102,1,0,0,1
262,2,2014-12-23,26646,3937,1,0,0,1
262,3,2014-12-24,18177,2391,1,0,0,1
262,4,2014-12-25,26756,3600,1,0,c,1
262,5,2014-12-26,32169,4468,1,0,c,1
262,6,2014-12-27,20005,3236,1,0,0,0
262,7,2014-12-28,30493,4271,1,0,0,0
262,1,2014-12-29,20254,3371,1,0,0,1
262,2,2014-12-30,21829,3510,1,0,0,1
262,3,2014-12-31,22902,3241,1,0,0,1
262,4,2015-01-01,20581,3166,1,0,a,1
262,5,2015-01-02,17216,2993,1,0,0,1
262,6,2015-01-03,16657,2823,1,0,0,0
262,7,2015-01-04,22058,3527,1,0,0,0
262,1,2015-01-05,19144,3166,1,1,0,1
262,2,2015-01-06,17713,2887,1,1,0,1
262,3,2015-01-07,16582,2640,1,1,0,0
262,4,2015-01-08,17544,2850,1,1,0,0
262,5,2015-01-09,18705,3153,1,1,0,0
262,6,2015-01-10,14057,2462,1,0,0,0
262,7,2015-01-11,24457,3601,1,0,0,0
262,1,2015-01-12,18992,2941,1,1,0,0
262,2,2015-01-13,18856,2955,1,1,0,0
262,3,2015-01-14,18911,2838,1,1,0,0
262,4,2015-01-15,19769,2866,1,1,0,0
262,5,2015-01-16,18929,3177,1,1,0,0
262,6,2015-01-17,15065,2759,1,0,0,0
262,7,2015-01-18,25818,3899,1,0,0,0
262,1,2015-01-19,16291,2730,1,0,0,0
262,2,2015-01-20,15559,2619,1,0,0,0
262,3,2015-01-21,14289,2497,1,0,0,0
262,4,2015-01-22,16267,2723,1,0,0,0
262,5,2015-01-23,17550,2975,1,0,0,0
262,6,2015-01-24,15728,2772,1,0,0,0
262,7,2015-01-25,26094,3849,1,0,0,0
262,1,2015-01-26,18328,2928,1,1,0,0
262,2,2015-01-27,18875,2962,1,1,0,0
262,3,2015-01-28,18425,2838,1,1,0,0
262,4,2015-01-29,19944,3065,1,1,0,0
262,5,2015-01-30,23982,3592,1,1,0,0
262,6,2015-01-31,18412,3061,1,0,0,0
262,7,2015-02-01,30525,4306,1,0,0,0
262,1,2015-02-02,21338,3396,1,1,0,0
262,2,2015-02-03,19825,3133,1,1,0,0
262,3,2015-02-04,19366,2993,1,1,0,0
262,4,2015-02-05,18583,3031,1,1,0,0
262,5,2015-02-06,21317,3393,1,1,0,0
262,6,2015-02-07,17356,3048,1,0,0,0
262,7,2015-02-08,29876,4228,1,0,0,0
262,1,2015-02-09,16713,2972,1,0,0,0
262,2,2015-02-10,15697,2674,1,0,0,0
262,3,2015-02-11,15338,2750,1,0,0,0
262,4,2015-02-12,16435,2764,1,0,0,0
262,5,2015-02-13,19294,3411,1,0,0,0
262,6,2015-02-14,17140,3082,1,0,0,0
262,7,2015-02-15,28798,4362,1,0,0,0
262,1,2015-02-16,20480,3054,1,1,0,0
262,2,2015-02-17,19075,2842,1,1,0,0
262,3,2015-02-18,18617,2875,1,1,0,0
262,4,2015-02-19,18784,2894,1,1,0,0
262,5,2015-02-20,21267,3450,1,1,0,0
262,6,2015-02-21,16591,2933,1,0,0,0
262,7,2015-02-22,27090,4260,1,0,0,0
262,1,2015-02-23,16364,2830,1,0,0,0
262,2,2015-02-24,16061,2737,1,0,0,0
262,3,2015-02-25,15198,2708,1,0,0,0
262,4,2015-02-26,17124,2705,1,0,0,0
262,5,2015-02-27,21481,3497,1,0,0,0
262,6,2015-02-28,18971,3158,1,0,0,0
262,7,2015-03-01,30629,4512,1,0,0,0
262,1,2015-03-02,23082,3320,1,1,0,1
262,2,2015-03-03,19842,2927,1,1,0,1
262,3,2015-03-04,19625,3012,1,1,0,1
262,4,2015-03-05,19875,2980,1,1,0,1
262,5,2015-03-06,21371,3461,1,1,0,1
262,6,2015-03-07,16052,3054,1,0,0,0
262,7,2015-03-08,28230,4668,1,0,0,0
262,1,2015-03-09,17233,2876,1,0,0,1
262,2,2015-03-10,14652,2553,1,0,0,1
262,3,2015-03-11,15289,2587,1,0,0,1
262,4,2015-03-12,15685,2674,1,0,0,1
262,5,2015-03-13,18566,3114,1,0,0,1
262,6,2015-03-14,17133,2941,1,0,0,0
262,7,2015-03-15,28339,4282,1,0,0,0
262,1,2015-03-16,19841,3177,1,1,0,0
262,2,2015-03-17,19416,2979,1,1,0,0
262,3,2015-03-18,18473,2984,1,1,0,0
262,4,2015-03-19,17551,2986,1,1,0,0
262,5,2015-03-20,19779,3322,1,1,0,0
262,6,2015-03-21,16498,2884,1,0,0,0
262,7,2015-03-22,27301,4120,1,0,0,0
262,1,2015-03-23,15888,2841,1,0,0,0
262,2,2015-03-24,14951,2657,1,0,0,0
262,3,2015-03-25,15086,2674,1,0,0,0
262,4,2015-03-26,17519,2794,1,0,0,0
262,5,2015-03-27,19148,3366,1,0,0,0
262,6,2015-03-28,16179,2973,1,0,0,0
262,7,2015-03-29,21140,3493,1,0,0,0
262,1,2015-03-30,23922,3385,1,1,0,0
262,2,2015-03-31,26517,3627,1,1,0,0
262,3,2015-04-01,26738,3596,1,1,0,0
262,4,2015-04-02,30012,4277,1,1,0,0
262,5,2015-04-03,38722,5132,1,1,b,0
262,6,2015-04-04,21933,3458,1,0,0,0
262,7,2015-04-05,28086,4207,1,0,0,0
262,1,2015-04-06,33655,5152,1,0,b,0
262,2,2015-04-07,18938,3375,1,0,0,0
262,3,2015-04-08,19130,3144,1,0,0,0
262,4,2015-04-09,16999,3064,1,0,0,0
262,5,2015-04-10,18324,3281,1,0,0,0
262,6,2015-04-11,16903,3256,1,0,0,0
262,7,2015-04-12,29650,4553,1,0,0,0
262,1,2015-04-13,21650,3228,1,1,0,0
262,2,2015-04-14,19453,2932,1,1,0,0
262,3,2015-04-15,18241,2948,1,1,0,0
262,4,2015-04-16,20430,3092,1,1,0,0
262,5,2015-04-17,23687,3544,1,1,0,0
262,6,2015-04-18,18179,3134,1,0,0,0
262,7,2015-04-19,27077,4248,1,0,0,0
262,1,2015-04-20,16978,2922,1,0,0,0
262,2,2015-04-21,15959,2771,1,0,0,0
262,3,2015-04-22,13738,2507,1,0,0,0
262,4,2015-04-23,18869,2585,1,0,0,0
262,5,2015-04-24,18978,3185,1,0,0,0
262,6,2015-04-25,17406,3206,1,0,0,0
262,7,2015-04-26,28853,4340,1,0,0,0
262,1,2015-04-27,21005,3217,1,1,0,0
262,2,2015-04-28,21331,3087,1,1,0,0
262,3,2015-04-29,19737,3024,1,1,0,0
262,4,2015-04-30,26849,4094,1,1,0,0
262,5,2015-05-01,38484,5458,1,1,a,0
262,6,2015-05-02,20514,3460,1,0,0,0
262,7,2015-05-03,29995,4533,1,0,0,0
262,1,2015-05-04,20832,3308,1,1,0,0
262,2,2015-05-05,18336,2874,1,1,0,0
262,3,2015-05-06,18698,2785,1,1,0,0
262,4,2015-05-07,19438,2982,1,1,0,0
262,5,2015-05-08,19618,3250,1,1,0,0
262,6,2015-05-09,19315,3424,1,0,0,0
262,7,2015-05-10,31527,4729,1,0,0,0
262,1,2015-05-11,18351,3054,1,0,0,1
262,2,2015-05-12,16489,2887,1,0,0,1
262,3,2015-05-13,21861,3450,1,0,0,1
262,4,2015-05-14,38367,5192,1,0,a,1
262,5,2015-05-15,20874,3280,1,0,0,1
262,6,2015-05-16,16189,2915,1,0,0,0
262,7,2015-05-17,29008,4397,1,0,0,0
262,1,2015-05-18,20564,3200,1,1,0,0
262,2,2015-05-19,19036,3114,1,1,0,0
262,3,2015-05-20,18333,2759,1,1,0,0
262,4,2015-05-21,18986,2819,1,1,0,0
262,5,2015-05-22,21944,3513,1,1,0,0
262,6,2015-05-23,18179,3164,1,0,0,0
262,7,2015-05-24,30978,4985,1,0,0,0
262,1,2015-05-25,35159,4989,1,0,a,0
262,2,2015-05-26,19155,3150,1,0,0,0
262,3,2015-05-27,17418,2857,1,0,0,0
262,4,2015-05-28,19820,3152,1,0,0,0
262,5,2015-05-29,21134,3509,1,0,0,0
262,6,2015-05-30,19638,3302,1,0,0,0
262,7,2015-05-31,32400,4668,1,0,0,0
262,1,2015-06-01,23204,3452,1,1,0,0
262,2,2015-06-02,21471,3214,1,1,0,0
262,3,2015-06-03,20177,3139,1,1,0,0
262,4,2015-06-04,20549,3334,1,1,0,0
262,5,2015-06-05,24150,4077,1,1,0,0
262,6,2015-06-06,17016,3252,1,0,0,0
262,7,2015-06-07,29879,4531,1,0,0,0
262,1,2015-06-08,18662,3075,1,0,0,0
262,2,2015-06-09,17643,2973,1,0,0,0
262,3,2015-06-10,16085,2823,1,0,0,0
262,4,2015-06-11,17026,2984,1,0,0,0
262,5,2015-06-12,18592,3553,1,0,0,0
262,6,2015-06-13,18043,3224,1,0,0,0
262,7,2015-06-14,29937,4448,1,0,0,0
262,1,2015-06-15,21022,3227,1,1,0,0
262,2,2015-06-16,19982,2941,1,1,0,0
262,3,2015-06-17,19639,3057,1,1,0,0
262,4,2015-06-18,19724,3202,1,1,0,0
262,5,2015-06-19,20772,3471,1,1,0,0
262,6,2015-06-20,16392,3033,1,0,0,0
262,7,2015-06-21,28187,4335,1,0,0,0
262,1,2015-06-22,18027,3142,1,0,0,0
262,2,2015-06-23,15797,2780,1,0,0,0
262,3,2015-06-24,16249,2780,1,0,0,0
262,4,2015-06-25,15896,2874,1,0,0,0
262,5,2015-06-26,17936,3275,1,0,0,0
262,6,2015-06-27,17864,3084,1,0,0,0
262,7,2015-06-28,28817,4450,1,0,0,0
262,1,2015-06-29,20112,3219,1,1,0,0
262,2,2015-06-30,21554,3319,1,1,0,0
262,3,2015-07-01,21418,3439,1,1,0,0
262,4,2015-07-02,21564,3632,1,1,0,0
262,5,2015-07-03,23253,4051,1,1,0,0
262,6,2015-07-04,17090,3343,1,0,0,0
262,7,2015-07-05,30255,4762,1,0,0,0
262,1,2015-07-06,19894,3290,1,0,0,0
262,2,2015-07-07,17208,3080,1,0,0,0
262,3,2015-07-08,19142,3145,1,0,0,0
262,4,2015-07-09,18631,3114,1,0,0,0
262,5,2015-07-10,20519,3374,1,0,0,0
262,6,2015-07-11,17885,3371,1,0,0,0
262,7,2015-07-12,32271,4623,1,0,0,0
262,1,2015-07-13,22257,3279,1,1,0,0
262,2,2015-07-14,21455,3299,1,1,0,0
262,3,2015-07-15,20977,3150,1,1,0,0
262,4,2015-07-16,21595,3322,1,1,0,1
262,5,2015-07-17,22986,3671,1,1,0,1
262,6,2015-07-18,19042,3188,1,0,0,0
262,7,2015-07-19,31665,4691,1,0,0,0
262,1,2015-07-20,19169,3062,1,0,0,1
262,2,2015-07-21,17836,3024,1,0,0,1
262,3,2015-07-22,17663,2853,1,0,0,1
262,4,2015-07-23,17513,2895,1,0,0,1
262,5,2015-07-24,18985,3273,1,0,0,1
262,6,2015-07-25,17118,2985,1,0,0,0
262,7,2015-07-26,32547,4783,1,0,0,0
262,1,2015-07-27,22185,3150,1,1,0,1
262,2,2015-07-28,22442,3143,1,1,0,1
262,3,2015-07-29,21041,3123,1,1,0,1
262,4,2015-07-30,22253,3132,1,1,0,1
262,5,2015-07-31,25774,3669,1,1,0,1
